# docs/ir-op-inventory.tsv — GENERATED, do not edit.
# regenerate:  tools/ir-inventory.pl
# one row per name exported by the :pcl runtime package (the IR's
# whole vocabulary).  Contract columns are UNCLASSIFIED until the op's
# docstring carries a `Contract:` tail (grammar: docs/ir-spec.md §10).
name	kind	family	lambda_list	ctx	coerce	magic	dies	dynamic	phase	host	flags	summary
$!	variable	magic-global		UNCLASSIFIED	UNCLASSIFIED	UNCLASSIFIED	UNCLASSIFIED	UNCLASSIFIED	UNCLASSIFIED	UNCLASSIFIED		Perl $! as a canonical MAGIC BOX, so a glob alias reaches the errno dualvar.
|$"|	variable	magic-global		UNCLASSIFIED	UNCLASSIFIED	UNCLASSIFIED	UNCLASSIFIED	UNCLASSIFIED	UNCLASSIFIED	UNCLASSIFIED		List separator for array interpolation
$$	variable	magic-global		UNCLASSIFIED	UNCLASSIFIED	UNCLASSIFIED	UNCLASSIFIED	UNCLASSIFIED	UNCLASSIFIED	UNCLASSIFIED		Process ID
$%	variable	magic-global		UNCLASSIFIED	UNCLASSIFIED	UNCLASSIFIED	UNCLASSIFIED	UNCLASSIFIED	UNCLASSIFIED	UNCLASSIFIED		FORMAT_PAGE_NUMBER - current page number for write
$&	symbol-macro	magic-global		UNCLASSIFIED	UNCLASSIFIED	UNCLASSIFIED	UNCLASSIFIED	UNCLASSIFIED	UNCLASSIFIED	UNCLASSIFIED		
|$'|	symbol-macro	magic-global		UNCLASSIFIED	UNCLASSIFIED	UNCLASSIFIED	UNCLASSIFIED	UNCLASSIFIED	UNCLASSIFIED	UNCLASSIFIED		
|$(|	variable	magic-global		UNCLASSIFIED	UNCLASSIFIED	UNCLASSIFIED	UNCLASSIFIED	UNCLASSIFIED	UNCLASSIFIED	UNCLASSIFIED		Real gid + supplementary groups, space-joined
|$)|	variable	magic-global		UNCLASSIFIED	UNCLASSIFIED	UNCLASSIFIED	UNCLASSIFIED	UNCLASSIFIED	UNCLASSIFIED	UNCLASSIFIED		Effective gid + supplementary groups, space-joined
$+	variable	magic-global		UNCLASSIFIED	UNCLASSIFIED	UNCLASSIFIED	UNCLASSIFIED	UNCLASSIFIED	UNCLASSIFIED	UNCLASSIFIED		Regex - last (highest-numbered) capture group that matched
|$,|	variable	magic-global		UNCLASSIFIED	UNCLASSIFIED	UNCLASSIFIED	UNCLASSIFIED	UNCLASSIFIED	UNCLASSIFIED	UNCLASSIFIED		Output field separator for print (perl: undef until set)
$-	variable	magic-global		UNCLASSIFIED	UNCLASSIFIED	UNCLASSIFIED	UNCLASSIFIED	UNCLASSIFIED	UNCLASSIFIED	UNCLASSIFIED		FORMAT_LINES_LEFT - lines left on page for write
$.	variable	magic-global		UNCLASSIFIED	UNCLASSIFIED	UNCLASSIFIED	UNCLASSIFIED	UNCLASSIFIED	UNCLASSIFIED	UNCLASSIFIED		Input line number of last filehandle accessed (magic — see above).
$/	variable	magic-global		UNCLASSIFIED	UNCLASSIFIED	UNCLASSIFIED	UNCLASSIFIED	UNCLASSIFIED	UNCLASSIFIED	UNCLASSIFIED		Input record separator
$0	variable	magic-global		UNCLASSIFIED	UNCLASSIFIED	UNCLASSIFIED	UNCLASSIFIED	UNCLASSIFIED	UNCLASSIFIED	UNCLASSIFIED		Program name
$1	variable	magic-global		UNCLASSIFIED	UNCLASSIFIED	UNCLASSIFIED	UNCLASSIFIED	UNCLASSIFIED	UNCLASSIFIED	UNCLASSIFIED		Regex capture group 1
$10	variable	magic-global		UNCLASSIFIED	UNCLASSIFIED	UNCLASSIFIED	UNCLASSIFIED	UNCLASSIFIED	UNCLASSIFIED	UNCLASSIFIED		Regex capture group 10
$11	variable	magic-global		UNCLASSIFIED	UNCLASSIFIED	UNCLASSIFIED	UNCLASSIFIED	UNCLASSIFIED	UNCLASSIFIED	UNCLASSIFIED		Regex capture group 11
$12	variable	magic-global		UNCLASSIFIED	UNCLASSIFIED	UNCLASSIFIED	UNCLASSIFIED	UNCLASSIFIED	UNCLASSIFIED	UNCLASSIFIED		Regex capture group 12
$13	variable	magic-global		UNCLASSIFIED	UNCLASSIFIED	UNCLASSIFIED	UNCLASSIFIED	UNCLASSIFIED	UNCLASSIFIED	UNCLASSIFIED		Regex capture group 13
$14	variable	magic-global		UNCLASSIFIED	UNCLASSIFIED	UNCLASSIFIED	UNCLASSIFIED	UNCLASSIFIED	UNCLASSIFIED	UNCLASSIFIED		Regex capture group 14
$15	variable	magic-global		UNCLASSIFIED	UNCLASSIFIED	UNCLASSIFIED	UNCLASSIFIED	UNCLASSIFIED	UNCLASSIFIED	UNCLASSIFIED		Regex capture group 15
$16	variable	magic-global		UNCLASSIFIED	UNCLASSIFIED	UNCLASSIFIED	UNCLASSIFIED	UNCLASSIFIED	UNCLASSIFIED	UNCLASSIFIED		Regex capture group 16
$17	variable	magic-global		UNCLASSIFIED	UNCLASSIFIED	UNCLASSIFIED	UNCLASSIFIED	UNCLASSIFIED	UNCLASSIFIED	UNCLASSIFIED		Regex capture group 17
$18	variable	magic-global		UNCLASSIFIED	UNCLASSIFIED	UNCLASSIFIED	UNCLASSIFIED	UNCLASSIFIED	UNCLASSIFIED	UNCLASSIFIED		Regex capture group 18
$19	variable	magic-global		UNCLASSIFIED	UNCLASSIFIED	UNCLASSIFIED	UNCLASSIFIED	UNCLASSIFIED	UNCLASSIFIED	UNCLASSIFIED		Regex capture group 19
$2	variable	magic-global		UNCLASSIFIED	UNCLASSIFIED	UNCLASSIFIED	UNCLASSIFIED	UNCLASSIFIED	UNCLASSIFIED	UNCLASSIFIED		Regex capture group 2
$20	variable	magic-global		UNCLASSIFIED	UNCLASSIFIED	UNCLASSIFIED	UNCLASSIFIED	UNCLASSIFIED	UNCLASSIFIED	UNCLASSIFIED		Regex capture group 20
$3	variable	magic-global		UNCLASSIFIED	UNCLASSIFIED	UNCLASSIFIED	UNCLASSIFIED	UNCLASSIFIED	UNCLASSIFIED	UNCLASSIFIED		Regex capture group 3
$4	variable	magic-global		UNCLASSIFIED	UNCLASSIFIED	UNCLASSIFIED	UNCLASSIFIED	UNCLASSIFIED	UNCLASSIFIED	UNCLASSIFIED		Regex capture group 4
$5	variable	magic-global		UNCLASSIFIED	UNCLASSIFIED	UNCLASSIFIED	UNCLASSIFIED	UNCLASSIFIED	UNCLASSIFIED	UNCLASSIFIED		Regex capture group 5
$6	variable	magic-global		UNCLASSIFIED	UNCLASSIFIED	UNCLASSIFIED	UNCLASSIFIED	UNCLASSIFIED	UNCLASSIFIED	UNCLASSIFIED		Regex capture group 6
$7	variable	magic-global		UNCLASSIFIED	UNCLASSIFIED	UNCLASSIFIED	UNCLASSIFIED	UNCLASSIFIED	UNCLASSIFIED	UNCLASSIFIED		Regex capture group 7
$8	variable	magic-global		UNCLASSIFIED	UNCLASSIFIED	UNCLASSIFIED	UNCLASSIFIED	UNCLASSIFIED	UNCLASSIFIED	UNCLASSIFIED		Regex capture group 8
$9	variable	magic-global		UNCLASSIFIED	UNCLASSIFIED	UNCLASSIFIED	UNCLASSIFIED	UNCLASSIFIED	UNCLASSIFIED	UNCLASSIFIED		Regex capture group 9
|$:|	variable	magic-global		UNCLASSIFIED	UNCLASSIFIED	UNCLASSIFIED	UNCLASSIFIED	UNCLASSIFIED	UNCLASSIFIED	UNCLASSIFIED		FORMAT_LINE_BREAK_CHARACTERS - word-break chars for write
|$;|	variable	magic-global		UNCLASSIFIED	UNCLASSIFIED	UNCLASSIFIED	UNCLASSIFIED	UNCLASSIFIED	UNCLASSIFIED	UNCLASSIFIED		Subscript separator (default SUBSEP)
$<	variable	magic-global		UNCLASSIFIED	UNCLASSIFIED	UNCLASSIFIED	UNCLASSIFIED	UNCLASSIFIED	UNCLASSIFIED	UNCLASSIFIED		Real user id
$=	variable	magic-global		UNCLASSIFIED	UNCLASSIFIED	UNCLASSIFIED	UNCLASSIFIED	UNCLASSIFIED	UNCLASSIFIED	UNCLASSIFIED		FORMAT_LINES_PER_PAGE - page length for write
$>	variable	magic-global		UNCLASSIFIED	UNCLASSIFIED	UNCLASSIFIED	UNCLASSIFIED	UNCLASSIFIED	UNCLASSIFIED	UNCLASSIFIED		Effective user id
$?	variable	magic-global		UNCLASSIFIED	UNCLASSIFIED	UNCLASSIFIED	UNCLASSIFIED	UNCLASSIFIED	UNCLASSIFIED	UNCLASSIFIED		Child process exit status from last system/backtick
$@	variable	magic-global		UNCLASSIFIED	UNCLASSIFIED	UNCLASSIFIED	UNCLASSIFIED	UNCLASSIFIED	UNCLASSIFIED	UNCLASSIFIED		Error from last eval
$[	variable	magic-global		UNCLASSIFIED	UNCLASSIFIED	UNCLASSIFIED	UNCLASSIFIED	UNCLASSIFIED	UNCLASSIFIED	UNCLASSIFIED		Perl $[ - array base. Always 0 since perl 5.30 removed assigning to it; inert here so reads don't crash (uni/variables.t).
|$\\|	variable	magic-global		UNCLASSIFIED	UNCLASSIFIED	UNCLASSIFIED	UNCLASSIFIED	UNCLASSIFIED	UNCLASSIFIED	UNCLASSIFIED		Output record separator (perl: undef until set)
$]	variable	magic-global		UNCLASSIFIED	UNCLASSIFIED	UNCLASSIFIED	UNCLASSIFIED	UNCLASSIFIED	UNCLASSIFIED	UNCLASSIFIED		Perl version number
$^	variable	magic-global		UNCLASSIFIED	UNCLASSIFIED	UNCLASSIFIED	UNCLASSIFIED	UNCLASSIFIED	UNCLASSIFIED	UNCLASSIFIED		FORMAT_TOP_NAME - top-of-page format name (defaults to <handle>_TOP, like Perl)
$^a	variable	magic-global		UNCLASSIFIED	UNCLASSIFIED	UNCLASSIFIED	UNCLASSIFIED	UNCLASSIFIED	UNCLASSIFIED	UNCLASSIFIED		ACCUMULATOR - for formline/write output
$^c	variable	magic-global		UNCLASSIFIED	UNCLASSIFIED	UNCLASSIFIED	UNCLASSIFIED	UNCLASSIFIED	UNCLASSIFIED	UNCLASSIFIED		COMPILING - 0 at run time, as in perl
$^d	variable	magic-global		UNCLASSIFIED	UNCLASSIFIED	UNCLASSIFIED	UNCLASSIFIED	UNCLASSIFIED	UNCLASSIFIED	UNCLASSIFIED		DEBUGGING - debugging flags
$^e	variable	magic-global		UNCLASSIFIED	UNCLASSIFIED	UNCLASSIFIED	UNCLASSIFIED	UNCLASSIFIED	UNCLASSIFIED	UNCLASSIFIED		Perl $^E — on POSIX the same STATE as $! (task #571); its own GV.
$^f	variable	magic-global		UNCLASSIFIED	UNCLASSIFIED	UNCLASSIFIED	UNCLASSIFIED	UNCLASSIFIED	UNCLASSIFIED	UNCLASSIFIED		SYSTEM_FD_MAX - max file descriptor for subprocesses
$^h	variable	magic-global		UNCLASSIFIED	UNCLASSIFIED	UNCLASSIFIED	UNCLASSIFIED	UNCLASSIFIED	UNCLASSIFIED	UNCLASSIFIED		Perl $^H - lexical hint bits (inert 0 in PCL)
$^i	variable	magic-global		UNCLASSIFIED	UNCLASSIFIED	UNCLASSIFIED	UNCLASSIFIED	UNCLASSIFIED	UNCLASSIFIED	UNCLASSIFIED		INPLACE_EDIT - in-place edit extension
$^l	variable	magic-global		UNCLASSIFIED	UNCLASSIFIED	UNCLASSIFIED	UNCLASSIFIED	UNCLASSIFIED	UNCLASSIFIED	UNCLASSIFIED		FORMAT_FORMFEED - formfeed char for write
$^m	variable	magic-global		UNCLASSIFIED	UNCLASSIFIED	UNCLASSIFIED	UNCLASSIFIED	UNCLASSIFIED	UNCLASSIFIED	UNCLASSIFIED		emergency memory pool
$^n	variable	magic-global		UNCLASSIFIED	UNCLASSIFIED	UNCLASSIFIED	UNCLASSIFIED	UNCLASSIFIED	UNCLASSIFIED	UNCLASSIFIED		Perl $^N - the participating capture group whose closing parenthesis is rightmost in the pattern (perlvar). Set by set-match-vars from the closer-position vecto
$^o	variable	magic-global		UNCLASSIFIED	UNCLASSIFIED	UNCLASSIFIED	UNCLASSIFIED	UNCLASSIFIED	UNCLASSIFIED	UNCLASSIFIED		Operating system name
$^p	variable	magic-global		UNCLASSIFIED	UNCLASSIFIED	UNCLASSIFIED	UNCLASSIFIED	UNCLASSIFIED	UNCLASSIFIED	UNCLASSIFIED		PERLDB - internal debugger flag (0 = not debugging)
$^r	variable	magic-global		UNCLASSIFIED	UNCLASSIFIED	UNCLASSIFIED	UNCLASSIFIED	UNCLASSIFIED	UNCLASSIFIED	UNCLASSIFIED		Result of last successful (?{...}) regex code block
$^s	variable	magic-global		UNCLASSIFIED	UNCLASSIFIED	UNCLASSIFIED	UNCLASSIFIED	UNCLASSIFIED	UNCLASSIFIED	UNCLASSIFIED		Perl $^S - eval state: 0 runtime, 1 inside eval
$^t	variable	magic-global		UNCLASSIFIED	UNCLASSIFIED	UNCLASSIFIED	UNCLASSIFIED	UNCLASSIFIED	UNCLASSIFIED	UNCLASSIFIED		Perl $^T - program start time (seconds since Unix epoch)
$^v	variable	magic-global		UNCLASSIFIED	UNCLASSIFIED	UNCLASSIFIED	UNCLASSIFIED	UNCLASSIFIED	UNCLASSIFIED	UNCLASSIFIED		Perl version (compatibility). Payload 5.30.0 matches $] = 5.030000.
$^w	variable	magic-global		UNCLASSIFIED	UNCLASSIFIED	UNCLASSIFIED	UNCLASSIFIED	UNCLASSIFIED	UNCLASSIFIED	UNCLASSIFIED		Perl $^W - global warnings flag. Inert 0: PCL does not model runtime warning-level switching; reads/writes must simply not crash (run/switcht.t, uni/variables.t
$^x	variable	magic-global		UNCLASSIFIED	UNCLASSIFIED	UNCLASSIFIED	UNCLASSIFIED	UNCLASSIFIED	UNCLASSIFIED	UNCLASSIFIED		Perl executable path
$_	variable	magic-global		UNCLASSIFIED	UNCLASSIFIED	UNCLASSIFIED	UNCLASSIFIED	UNCLASSIFIED	UNCLASSIFIED	UNCLASSIFIED		Perl's $_ - default variable
|$`|	symbol-macro	magic-global		UNCLASSIFIED	UNCLASSIFIED	UNCLASSIFIED	UNCLASSIFIED	UNCLASSIFIED	UNCLASSIFIED	UNCLASSIFIED		
$ARGV	variable	magic-global		UNCLASSIFIED	UNCLASSIFIED	UNCLASSIFIED	UNCLASSIFIED	UNCLASSIFIED	UNCLASSIFIED	UNCLASSIFIED		Perl $ARGV - current filename of the <> diamond operator ("-" for STDIN)
${^taint}	variable	magic-global		UNCLASSIFIED	UNCLASSIFIED	UNCLASSIFIED	UNCLASSIFIED	UNCLASSIFIED	UNCLASSIFIED	UNCLASSIFIED		Taint mode is not enabled
|$\||	variable	magic-global		UNCLASSIFIED	UNCLASSIFIED	UNCLASSIFIED	UNCLASSIFIED	UNCLASSIFIED	UNCLASSIFIED	UNCLASSIFIED		Output autoflush flag (magic — per selected handle, writes clamp to 0/1)
$~	variable	magic-global		UNCLASSIFIED	UNCLASSIFIED	UNCLASSIFIED	UNCLASSIFIED	UNCLASSIFIED	UNCLASSIFIED	UNCLASSIFIED		FORMAT_NAME - name of current report format for write (defaults to the selected handle's name, like Perl)
%!	variable	magic-global		UNCLASSIFIED	UNCLASSIFIED	UNCLASSIFIED	UNCLASSIFIED	UNCLASSIFIED	UNCLASSIFIED	UNCLASSIFIED		Perl %! — one magic value per errno name; true only for the current errno.
|%"|	variable	magic-global		UNCLASSIFIED	UNCLASSIFIED	UNCLASSIFIED	UNCLASSIFIED	UNCLASSIFIED	UNCLASSIFIED	UNCLASSIFIED		
%$	variable	magic-global		UNCLASSIFIED	UNCLASSIFIED	UNCLASSIFIED	UNCLASSIFIED	UNCLASSIFIED	UNCLASSIFIED	UNCLASSIFIED		
%%	variable	magic-global		UNCLASSIFIED	UNCLASSIFIED	UNCLASSIFIED	UNCLASSIFIED	UNCLASSIFIED	UNCLASSIFIED	UNCLASSIFIED		
%&	variable	magic-global		UNCLASSIFIED	UNCLASSIFIED	UNCLASSIFIED	UNCLASSIFIED	UNCLASSIFIED	UNCLASSIFIED	UNCLASSIFIED		
|%'|	variable	magic-global		UNCLASSIFIED	UNCLASSIFIED	UNCLASSIFIED	UNCLASSIFIED	UNCLASSIFIED	UNCLASSIFIED	UNCLASSIFIED		
|%(|	variable	magic-global		UNCLASSIFIED	UNCLASSIFIED	UNCLASSIFIED	UNCLASSIFIED	UNCLASSIFIED	UNCLASSIFIED	UNCLASSIFIED		
|%)|	variable	magic-global		UNCLASSIFIED	UNCLASSIFIED	UNCLASSIFIED	UNCLASSIFIED	UNCLASSIFIED	UNCLASSIFIED	UNCLASSIFIED		
%*	variable	magic-global		UNCLASSIFIED	UNCLASSIFIED	UNCLASSIFIED	UNCLASSIFIED	UNCLASSIFIED	UNCLASSIFIED	UNCLASSIFIED		
%+	variable	magic-global		UNCLASSIFIED	UNCLASSIFIED	UNCLASSIFIED	UNCLASSIFIED	UNCLASSIFIED	UNCLASSIFIED	UNCLASSIFIED		Perl %+ - named regex captures
|%,|	variable	magic-global		UNCLASSIFIED	UNCLASSIFIED	UNCLASSIFIED	UNCLASSIFIED	UNCLASSIFIED	UNCLASSIFIED	UNCLASSIFIED		
%-	variable	magic-global		UNCLASSIFIED	UNCLASSIFIED	UNCLASSIFIED	UNCLASSIFIED	UNCLASSIFIED	UNCLASSIFIED	UNCLASSIFIED		Perl %- - named regex captures, each value an ARRAY of all buffers with that name (undef elements for non-participating buffers).
%.	variable	magic-global		UNCLASSIFIED	UNCLASSIFIED	UNCLASSIFIED	UNCLASSIFIED	UNCLASSIFIED	UNCLASSIFIED	UNCLASSIFIED		
%/	variable	magic-global		UNCLASSIFIED	UNCLASSIFIED	UNCLASSIFIED	UNCLASSIFIED	UNCLASSIFIED	UNCLASSIFIED	UNCLASSIFIED		
|%:|	variable	magic-global		UNCLASSIFIED	UNCLASSIFIED	UNCLASSIFIED	UNCLASSIFIED	UNCLASSIFIED	UNCLASSIFIED	UNCLASSIFIED		
|%;|	variable	magic-global		UNCLASSIFIED	UNCLASSIFIED	UNCLASSIFIED	UNCLASSIFIED	UNCLASSIFIED	UNCLASSIFIED	UNCLASSIFIED		
%<	variable	magic-global		UNCLASSIFIED	UNCLASSIFIED	UNCLASSIFIED	UNCLASSIFIED	UNCLASSIFIED	UNCLASSIFIED	UNCLASSIFIED		
%=	variable	magic-global		UNCLASSIFIED	UNCLASSIFIED	UNCLASSIFIED	UNCLASSIFIED	UNCLASSIFIED	UNCLASSIFIED	UNCLASSIFIED		
%>	variable	magic-global		UNCLASSIFIED	UNCLASSIFIED	UNCLASSIFIED	UNCLASSIFIED	UNCLASSIFIED	UNCLASSIFIED	UNCLASSIFIED		
%?	variable	magic-global		UNCLASSIFIED	UNCLASSIFIED	UNCLASSIFIED	UNCLASSIFIED	UNCLASSIFIED	UNCLASSIFIED	UNCLASSIFIED		
%@	variable	magic-global		UNCLASSIFIED	UNCLASSIFIED	UNCLASSIFIED	UNCLASSIFIED	UNCLASSIFIED	UNCLASSIFIED	UNCLASSIFIED		
%p-dyn-loop-exit	function	control-flow	(kind)	insensitive	none	none	yes	yes	no	none		Perform an unlabelled `last`/`next`/`redo` (KIND :last/:next/:redo) whose loop is not LEXICALLY here — the compiler emits this call in place of the lexical exit
%p-push1	function	aggregate-builtin	(arr item)	UNCLASSIFIED	UNCLASSIFIED	UNCLASSIFIED	UNCLASSIFIED	UNCLASSIFIED	UNCLASSIFIED	UNCLASSIFIED		THE `local-push' FAST PATH (task #996 half A3, licensed by task #1140's VarAnnotator array facts): append ONE scalar to a `my @a' that nothing else can reach. P
%p-sort-classic	function	aggregate-builtin	(mode &rest items)	UNCLASSIFIED	UNCLASSIFIED	UNCLASSIFIED	UNCLASSIFIED	UNCLASSIFIED	UNCLASSIFIED	UNCLASSIFIED		`sort LIST' and the four classic comparators, over plain scalars. MODE is the closed set :default (no block) / :num-asc / :num-desc / :str-asc / :str-desc.
%pcl-definedp	function	box	(val)	UNCLASSIFIED	UNCLASSIFIED	UNCLASSIFIED	UNCLASSIFIED	UNCLASSIFIED	UNCLASSIFIED	UNCLASSIFIED		
%pcl-dualvar-p	function	box	(v)	UNCLASSIFIED	UNCLASSIFIED	UNCLASSIFIED	UNCLASSIFIED	UNCLASSIFIED	UNCLASSIFIED	UNCLASSIFIED		True when V is a box carrying a GENUINE dualvar: both caches valid and the numeric side is NOT what numifying the string side would give ($!-family). Ordinary c
%pcl-local-errno-init	function	dynamic-scope	(n)	UNCLASSIFIED	UNCLASSIFIED	UNCLASSIFIED	UNCLASSIFIED	UNCLASSIFIED	UNCLASSIFIED	UNCLASSIFIED		Helper for 'local $! = N': coerce n to int, set C errno, return int for let binding.
%pcl-loop-tag	function	control-flow	(prefix label)	UNCLASSIFIED	UNCLASSIFIED	UNCLASSIFIED	UNCLASSIFIED	UNCLASSIFIED	UNCLASSIFIED	UNCLASSIFIED		
%pcl-str-append	function	box	(buf v)	UNCLASSIFIED	UNCLASSIFIED	UNCLASSIFIED	UNCLASSIFIED	UNCLASSIFIED	UNCLASSIFIED	UNCLASSIFIED		In-place `$s .= V` on a str-buffer slot: extend and copy V's string value after the fill pointer. Returns the buffer (the compound assign's value, like the boxe
%pcl-str-buffer	function	box	(v)	UNCLASSIFIED	UNCLASSIFIED	UNCLASSIFIED	UNCLASSIFIED	UNCLASSIFIED	UNCLASSIFIED	UNCLASSIFIED		Fresh adjustable fill-pointer buffer holding V's string value — the plain-write store discipline for a str-buffer slot (each `$s = V;` REPLACES the buffer, so s
%pcl-super-indirect	function	oo	(method cur-pkg &rest inv-args)	UNCLASSIFIED	UNCLASSIFIED	UNCLASSIFIED	UNCLASSIFIED	UNCLASSIFIED	UNCLASSIFIED	UNCLASSIFIED		Handle SUPER::method{@array} indirect-object syntax, incl. the trailing- LIST shapes SUPER::m{}@a and SUPER::m{@a}"b": the block's list and the trailing LIST co
%pcl-to-integer	function	bitwise	(n)	UNCLASSIFIED	UNCLASSIFIED	UNCLASSIFIED	UNCLASSIFIED	UNCLASSIFIED	UNCLASSIFIED	UNCLASSIFIED		Convert numeric value to integer using Perl IV semantics. +Inf -> UV_MAX (0xFFFF...=all-ones, -1 as signed), -Inf -> IV_MIN (-2^63), NaN -> 0.
%pcl-to-number-strict	function	box	(v name)	UNCLASSIFIED	UNCLASSIFIED	UNCLASSIFIED	UNCLASSIFIED	UNCLASSIFIED	UNCLASSIFIED	UNCLASSIFIED		Eager numeric freeze for a raw-numeric slot write (the compile-time equivalent of the user writing `+ 0`). Applies box-set's scalar-assignment aggregate collaps
%pcl-to-string-strict	function	box	(v name)	UNCLASSIFIED	UNCLASSIFIED	UNCLASSIFIED	UNCLASSIFIED	UNCLASSIFIED	UNCLASSIFIED	UNCLASSIFIED		Eager string freeze for a raw-string slot write (`. ""`). Aggregate collapse and the %PCL-RAW-FREEZE-UNSAFE-P decline as in %pcl-to-number-strict (NAME is unuse
%[	variable	magic-global		UNCLASSIFIED	UNCLASSIFIED	UNCLASSIFIED	UNCLASSIFIED	UNCLASSIFIED	UNCLASSIFIED	UNCLASSIFIED		
|%\\|	variable	magic-global		UNCLASSIFIED	UNCLASSIFIED	UNCLASSIFIED	UNCLASSIFIED	UNCLASSIFIED	UNCLASSIFIED	UNCLASSIFIED		
%]	variable	magic-global		UNCLASSIFIED	UNCLASSIFIED	UNCLASSIFIED	UNCLASSIFIED	UNCLASSIFIED	UNCLASSIFIED	UNCLASSIFIED		
%^	variable	magic-global		UNCLASSIFIED	UNCLASSIFIED	UNCLASSIFIED	UNCLASSIFIED	UNCLASSIFIED	UNCLASSIFIED	UNCLASSIFIED		
%^h	variable	magic-global		UNCLASSIFIED	UNCLASSIFIED	UNCLASSIFIED	UNCLASSIFIED	UNCLASSIFIED	UNCLASSIFIED	UNCLASSIFIED		Perl %^H - hints hash (inert empty in PCL)
%_args	name-only	magic-global		UNCLASSIFIED	UNCLASSIFIED	UNCLASSIFIED	UNCLASSIFIED	UNCLASSIFIED	UNCLASSIFIED	UNCLASSIFIED		
|%`|	variable	magic-global		UNCLASSIFIED	UNCLASSIFIED	UNCLASSIFIED	UNCLASSIFIED	UNCLASSIFIED	UNCLASSIFIED	UNCLASSIFIED		
%ENV	variable	env		UNCLASSIFIED	UNCLASSIFIED	UNCLASSIFIED	UNCLASSIFIED	UNCLASSIFIED	UNCLASSIFIED	UNCLASSIFIED		Marker for environment hash access
%INC	variable	magic-global		UNCLASSIFIED	UNCLASSIFIED	UNCLASSIFIED	UNCLASSIFIED	UNCLASSIFIED	UNCLASSIFIED	UNCLASSIFIED		Marker for %INC hash access
%SIG	variable	magic-global		UNCLASSIFIED	UNCLASSIFIED	UNCLASSIFIED	UNCLASSIFIED	UNCLASSIFIED	UNCLASSIFIED	UNCLASSIFIED		Perl %SIG - signal handlers
|%\||	variable	magic-global		UNCLASSIFIED	UNCLASSIFIED	UNCLASSIFIED	UNCLASSIFIED	UNCLASSIFIED	UNCLASSIFIED	UNCLASSIFIED		
%~	variable	magic-global		UNCLASSIFIED	UNCLASSIFIED	UNCLASSIFIED	UNCLASSIFIED	UNCLASSIFIED	UNCLASSIFIED	UNCLASSIFIED		
*check-blocks*	variable	phase		UNCLASSIFIED	UNCLASSIFIED	UNCLASSIFIED	UNCLASSIFIED	UNCLASSIFIED	UNCLASSIFIED	UNCLASSIFIED		CHECK thunks (push = LIFO = perl's reverse order)
*end-blocks*	variable	phase		UNCLASSIFIED	UNCLASSIFIED	UNCLASSIFIED	UNCLASSIFIED	UNCLASSIFIED	UNCLASSIFIED	UNCLASSIFIED		List of END block thunks to execute at exit
*init-blocks*	variable	phase		UNCLASSIFIED	UNCLASSIFIED	UNCLASSIFIED	UNCLASSIFIED	UNCLASSIFIED	UNCLASSIFIED	UNCLASSIFIED		INIT thunks (pushed; run in reverse-of-LIFO = source order)
*p-errno-table*	variable	magic-global		UNCLASSIFIED	UNCLASSIFIED	UNCLASSIFIED	UNCLASSIFIED	UNCLASSIFIED	UNCLASSIFIED	UNCLASSIFIED		errno NAME -> number ON THIS PLATFORM: sb-posix's constant where it has one.
*p-eval-lex-alist*	variable	exception		UNCLASSIFIED	UNCLASSIFIED	UNCLASSIFIED	UNCLASSIFIED	UNCLASSIFIED	UNCLASSIFIED	UNCLASSIFIED		Alist (var-name-string . box/array/hash) of the caller's in-scope lexicals, bound by p-eval and consumed by p-eval-thunk.
*p-filehandles*	variable	io		UNCLASSIFIED	UNCLASSIFIED	UNCLASSIFIED	UNCLASSIFIED	UNCLASSIFIED	UNCLASSIFIED	UNCLASSIFIED		
*p-in-list-assign-rhs*	variable	context-frame		UNCLASSIFIED	UNCLASSIFIED	UNCLASSIFIED	UNCLASSIFIED	UNCLASSIFIED	UNCLASSIFIED	UNCLASSIFIED		True while evaluating the RHS of a p-list-= assignment. Tells p-readline to use scalar mode even when *wantarray* is t (avoids reading the entire file in while-
*p-overload-table*	variable	overload		UNCLASSIFIED	UNCLASSIFIED	UNCLASSIFIED	UNCLASSIFIED	UNCLASSIFIED	UNCLASSIFIED	UNCLASSIFIED		use overload registry: (cons pkg-name op-string) -> handler
*p-raw-elems*	global	runtime-config		UNCLASSIFIED	UNCLASSIFIED	UNCLASSIFIED	UNCLASSIFIED	UNCLASSIFIED	UNCLASSIFIED	UNCLASSIFIED		Store plain element values RAW instead of boxing them. ON by default since phase 3; PCL_RAW_ELEMS=0 restores the all-boxed world of phases 0-2, which is the A/B
*pcl-caller-pkg-stack*	variable	package-tracking		UNCLASSIFIED	UNCLASSIFIED	UNCLASSIFIED	UNCLASSIFIED	UNCLASSIFIED	UNCLASSIFIED	UNCLASSIFIED		
*pcl-caller-subname-stack*	variable	package-tracking		UNCLASSIFIED	UNCLASSIFIED	UNCLASSIFIED	UNCLASSIFIED	UNCLASSIFIED	UNCLASSIFIED	UNCLASSIFIED		
*pcl-caller-wantarray*	variable	context-frame		UNCLASSIFIED	UNCLASSIFIED	UNCLASSIFIED	UNCLASSIFIED	UNCLASSIFIED	UNCLASSIFIED	UNCLASSIFIED		Saved *wantarray* from sub entry. p-wantarray reads this so wantarray() always reflects the context of the CURRENT sub's caller, even when *wantarray* has been 
*pcl-current-package*	variable	package-tracking		UNCLASSIFIED	UNCLASSIFIED	UNCLASSIFIED	UNCLASSIFIED	UNCLASSIFIED	UNCLASSIFIED	UNCLASSIFIED		
*pcl-stat-cache-path*	variable	filetest		UNCLASSIFIED	UNCLASSIFIED	UNCLASSIFIED	UNCLASSIFIED	UNCLASSIFIED	UNCLASSIFIED	UNCLASSIFIED		Operand of the most recent stat/lstat/filetest — a path string or a stream. nil before the first one, which makes a premature `_` test false.
*pcl-sub-call-depth*	variable	context-frame		UNCLASSIFIED	UNCLASSIFIED	UNCLASSIFIED	UNCLASSIFIED	UNCLASSIFIED	UNCLASSIFIED	UNCLASSIFIED		
*unitcheck-blocks*	variable	phase		UNCLASSIFIED	UNCLASSIFIED	UNCLASSIFIED	UNCLASSIFIED	UNCLASSIFIED	UNCLASSIFIED	UNCLASSIFIED		UNITCHECK thunks (push = LIFO = perl's reverse order)
*wantarray*	variable	context-frame		UNCLASSIFIED	UNCLASSIFIED	UNCLASSIFIED	UNCLASSIFIED	UNCLASSIFIED	UNCLASSIFIED	UNCLASSIFIED		Context for the current call: t=list, nil=scalar, :void=void.
@!	variable	magic-global		UNCLASSIFIED	UNCLASSIFIED	UNCLASSIFIED	UNCLASSIFIED	UNCLASSIFIED	UNCLASSIFIED	UNCLASSIFIED		
|@"|	variable	magic-global		UNCLASSIFIED	UNCLASSIFIED	UNCLASSIFIED	UNCLASSIFIED	UNCLASSIFIED	UNCLASSIFIED	UNCLASSIFIED		
|@#|	variable	magic-global		UNCLASSIFIED	UNCLASSIFIED	UNCLASSIFIED	UNCLASSIFIED	UNCLASSIFIED	UNCLASSIFIED	UNCLASSIFIED		
@$	variable	magic-global		UNCLASSIFIED	UNCLASSIFIED	UNCLASSIFIED	UNCLASSIFIED	UNCLASSIFIED	UNCLASSIFIED	UNCLASSIFIED		
@%	variable	magic-global		UNCLASSIFIED	UNCLASSIFIED	UNCLASSIFIED	UNCLASSIFIED	UNCLASSIFIED	UNCLASSIFIED	UNCLASSIFIED		
@&	variable	magic-global		UNCLASSIFIED	UNCLASSIFIED	UNCLASSIFIED	UNCLASSIFIED	UNCLASSIFIED	UNCLASSIFIED	UNCLASSIFIED		
|@'|	variable	magic-global		UNCLASSIFIED	UNCLASSIFIED	UNCLASSIFIED	UNCLASSIFIED	UNCLASSIFIED	UNCLASSIFIED	UNCLASSIFIED		
|@(|	variable	magic-global		UNCLASSIFIED	UNCLASSIFIED	UNCLASSIFIED	UNCLASSIFIED	UNCLASSIFIED	UNCLASSIFIED	UNCLASSIFIED		
|@)|	variable	magic-global		UNCLASSIFIED	UNCLASSIFIED	UNCLASSIFIED	UNCLASSIFIED	UNCLASSIFIED	UNCLASSIFIED	UNCLASSIFIED		
@*	variable	magic-global		UNCLASSIFIED	UNCLASSIFIED	UNCLASSIFIED	UNCLASSIFIED	UNCLASSIFIED	UNCLASSIFIED	UNCLASSIFIED		
@+	variable	magic-global		UNCLASSIFIED	UNCLASSIFIED	UNCLASSIFIED	UNCLASSIFIED	UNCLASSIFIED	UNCLASSIFIED	UNCLASSIFIED		Regex @LAST_MATCH_END - match/group end offsets
|@,|	variable	magic-global		UNCLASSIFIED	UNCLASSIFIED	UNCLASSIFIED	UNCLASSIFIED	UNCLASSIFIED	UNCLASSIFIED	UNCLASSIFIED		
@-	variable	magic-global		UNCLASSIFIED	UNCLASSIFIED	UNCLASSIFIED	UNCLASSIFIED	UNCLASSIFIED	UNCLASSIFIED	UNCLASSIFIED		Regex @LAST_MATCH_START - match/group start offsets
@.	variable	magic-global		UNCLASSIFIED	UNCLASSIFIED	UNCLASSIFIED	UNCLASSIFIED	UNCLASSIFIED	UNCLASSIFIED	UNCLASSIFIED		
@/	variable	magic-global		UNCLASSIFIED	UNCLASSIFIED	UNCLASSIFIED	UNCLASSIFIED	UNCLASSIFIED	UNCLASSIFIED	UNCLASSIFIED		
|@:|	variable	magic-global		UNCLASSIFIED	UNCLASSIFIED	UNCLASSIFIED	UNCLASSIFIED	UNCLASSIFIED	UNCLASSIFIED	UNCLASSIFIED		
|@;|	variable	magic-global		UNCLASSIFIED	UNCLASSIFIED	UNCLASSIFIED	UNCLASSIFIED	UNCLASSIFIED	UNCLASSIFIED	UNCLASSIFIED		
@<	variable	magic-global		UNCLASSIFIED	UNCLASSIFIED	UNCLASSIFIED	UNCLASSIFIED	UNCLASSIFIED	UNCLASSIFIED	UNCLASSIFIED		
@=	variable	magic-global		UNCLASSIFIED	UNCLASSIFIED	UNCLASSIFIED	UNCLASSIFIED	UNCLASSIFIED	UNCLASSIFIED	UNCLASSIFIED		
@>	variable	magic-global		UNCLASSIFIED	UNCLASSIFIED	UNCLASSIFIED	UNCLASSIFIED	UNCLASSIFIED	UNCLASSIFIED	UNCLASSIFIED		
@?	variable	magic-global		UNCLASSIFIED	UNCLASSIFIED	UNCLASSIFIED	UNCLASSIFIED	UNCLASSIFIED	UNCLASSIFIED	UNCLASSIFIED		
@@	variable	magic-global		UNCLASSIFIED	UNCLASSIFIED	UNCLASSIFIED	UNCLASSIFIED	UNCLASSIFIED	UNCLASSIFIED	UNCLASSIFIED		
@[	variable	magic-global		UNCLASSIFIED	UNCLASSIFIED	UNCLASSIFIED	UNCLASSIFIED	UNCLASSIFIED	UNCLASSIFIED	UNCLASSIFIED		
|@\\|	variable	magic-global		UNCLASSIFIED	UNCLASSIFIED	UNCLASSIFIED	UNCLASSIFIED	UNCLASSIFIED	UNCLASSIFIED	UNCLASSIFIED		
@]	variable	magic-global		UNCLASSIFIED	UNCLASSIFIED	UNCLASSIFIED	UNCLASSIFIED	UNCLASSIFIED	UNCLASSIFIED	UNCLASSIFIED		
@^	variable	magic-global		UNCLASSIFIED	UNCLASSIFIED	UNCLASSIFIED	UNCLASSIFIED	UNCLASSIFIED	UNCLASSIFIED	UNCLASSIFIED		
@_	variable	magic-global		UNCLASSIFIED	UNCLASSIFIED	UNCLASSIFIED	UNCLASSIFIED	UNCLASSIFIED	UNCLASSIFIED	UNCLASSIFIED		Perl @_ - current subroutine arguments
|@`|	variable	magic-global		UNCLASSIFIED	UNCLASSIFIED	UNCLASSIFIED	UNCLASSIFIED	UNCLASSIFIED	UNCLASSIFIED	UNCLASSIFIED		
@ARGV	variable	magic-global		UNCLASSIFIED	UNCLASSIFIED	UNCLASSIFIED	UNCLASSIFIED	UNCLASSIFIED	UNCLASSIFIED	UNCLASSIFIED		Perl @ARGV - command line arguments
@INC	variable	magic-global		UNCLASSIFIED	UNCLASSIFIED	UNCLASSIFIED	UNCLASSIFIED	UNCLASSIFIED	UNCLASSIFIED	UNCLASSIFIED		Perl @INC - module search paths
@{^capture}	variable	magic-global		UNCLASSIFIED	UNCLASSIFIED	UNCLASSIFIED	UNCLASSIFIED	UNCLASSIFIED	UNCLASSIFIED	UNCLASSIFIED		Regex @{^CAPTURE} - capture group values of the last successful match
|@\||	variable	magic-global		UNCLASSIFIED	UNCLASSIFIED	UNCLASSIFIED	UNCLASSIFIED	UNCLASSIFIED	UNCLASSIFIED	UNCLASSIFIED		
@~	variable	magic-global		UNCLASSIFIED	UNCLASSIFIED	UNCLASSIFIED	UNCLASSIFIED	UNCLASSIFIED	UNCLASSIFIED	UNCLASSIFIED		
box-nv	function	box	(box)	UNCLASSIFIED	UNCLASSIFIED	UNCLASSIFIED	UNCLASSIFIED	UNCLASSIFIED	UNCLASSIFIED	UNCLASSIFIED		Get numeric value from box with lazy caching. Tied variables: bypass cache and call FETCH.
box-set	function	box	(box value)	UNCLASSIFIED	UNCLASSIFIED	UNCLASSIFIED	UNCLASSIFIED	UNCLASSIFIED	UNCLASSIFIED	UNCLASSIFIED		Set box value, invalidating caches. Pre-caches if already typed. If value is a box containing a primitive, unbox it (Perl copy semantics). If value is a box con
box-sv	function	box	(box)	UNCLASSIFIED	UNCLASSIFIED	UNCLASSIFIED	UNCLASSIFIED	UNCLASSIFIED	UNCLASSIFIED	UNCLASSIFIED		Get string value from box with lazy caching. Tied variables: bypass cache and call FETCH.
ensure-boxed	function	box	(val)	UNCLASSIFIED	UNCLASSIFIED	UNCLASSIFIED	UNCLASSIFIED	UNCLASSIFIED	UNCLASSIFIED	UNCLASSIFIED		Ensure a value is boxed
make-p-box	function	box	(value &optional class)	UNCLASSIFIED	UNCLASSIFIED	UNCLASSIFIED	UNCLASSIFIED	UNCLASSIFIED	UNCLASSIFIED	UNCLASSIFIED		Create a p-box, pre-caching if value is already typed
make-p-tie-proxy	function	tie	(&key ((:tie-obj #:tie-obj) nil) ((:saved-value #:saved-value) nil) ((:untied #:untied) nil))	UNCLASSIFIED	UNCLASSIFIED	UNCLASSIFIED	UNCLASSIFIED	UNCLASSIFIED	UNCLASSIFIED	UNCLASSIFIED		
make-p-typeglob	function	typeglob	(package name)	UNCLASSIFIED	UNCLASSIFIED	UNCLASSIFIED	UNCLASSIFIED	UNCLASSIFIED	UNCLASSIFIED	UNCLASSIFIED		
p-	macro	logical	(a b)	UNCLASSIFIED	UNCLASSIFIED	UNCLASSIFIED	UNCLASSIFIED	UNCLASSIFIED	UNCLASSIFIED	UNCLASSIFIED		Perl short-circuit OR
p-!	function	logical	(a)	UNCLASSIFIED	UNCLASSIFIED	UNCLASSIFIED	UNCLASSIFIED	UNCLASSIFIED	UNCLASSIFIED	UNCLASSIFIED		Perl logical NOT - returns 1 or empty string like Perl, and consults the class's own `!' overload handler first.
p-!=	function	numeric-compare	(a b)	insensitive	num	none	no	no	no	none		Perl != with numberp fast path (returns 1 / "")
p-!~	function	regex	(string operation)	UNCLASSIFIED	UNCLASSIFIED	UNCLASSIFIED	UNCLASSIFIED	UNCLASSIFIED	UNCLASSIFIED	UNCLASSIFIED		Perl !~ negative binding operator. Uses Perl truthiness, not CL nil-ness: a failed m// now returns the defined-false "" (not nil), so test with p-true-p, return
p-$	function	box	(box)	UNCLASSIFIED	UNCLASSIFIED	UNCLASSIFIED	UNCLASSIFIED	UNCLASSIFIED	UNCLASSIFIED	UNCLASSIFIED	setf	Perl scalar dereference $$ref - get value from the referenced box. Structure: $ref box -> p-backslash box -> target $x box We need to go TWO levels to get the a
p-%	function	numeric	(a b)	insensitive	num	none	yes	no	no	none		Perl modulo with integer fast path + use overload dispatch
p-%=	macro	compound-assignment	(place value)	UNCLASSIFIED	UNCLASSIFIED	UNCLASSIFIED	UNCLASSIFIED	UNCLASSIFIED	UNCLASSIFIED	UNCLASSIFIED		Perl %= (modulo-assign). Overload `%` through %p-compound-%-slow when an operand is blessed; see %compound-arith-form. The non-blessed form is `%p-modulo`, the 
p-%=-raw	macro	compound-assignment	(var &rest %args)	UNCLASSIFIED	UNCLASSIFIED	UNCLASSIFIED	UNCLASSIFIED	UNCLASSIFIED	UNCLASSIFIED	UNCLASSIFIED		Perl %= (modulo-assign). Overload `%` through %p-compound-%-slow when an operand is blessed; see %compound-arith-form. The non-blessed form is `%p-modulo`, the 
p-&&	macro	logical	(a b)	UNCLASSIFIED	UNCLASSIFIED	UNCLASSIFIED	UNCLASSIFIED	UNCLASSIFIED	UNCLASSIFIED	UNCLASSIFIED		Perl short-circuit AND
p-*	function	numeric	(a &optional (b nil b-supplied-p))	insensitive	num	none	no	no	no	none		Perl * with numberp fast path + use overload dispatch
p-**	function	numeric	(a b)	insensitive	num	none	no	no	no	none		Perl exponentiation with use overload '**' dispatch
p-**=	macro	compound-assignment	(place value)	UNCLASSIFIED	UNCLASSIFIED	UNCLASSIFIED	UNCLASSIFIED	UNCLASSIFIED	UNCLASSIFIED	UNCLASSIFIED		Perl **= (exponent-assign). Delegate to p-** so a negative exponent yields a float (2 ** -1 -> 0.5, not the leaked ratio "1/2") and overload '**' dispatches.
p-**=-raw	macro	compound-assignment	(var &rest %args)	UNCLASSIFIED	UNCLASSIFIED	UNCLASSIFIED	UNCLASSIFIED	UNCLASSIFIED	UNCLASSIFIED	UNCLASSIFIED		Perl **= (exponent-assign). Delegate to p-** so a negative exponent yields a float (2 ** -1 -> 0.5, not the leaked ratio "1/2") and overload '**' dispatches.
p-*=	macro	compound-assignment	(place value)	UNCLASSIFIED	UNCLASSIFIED	UNCLASSIFIED	UNCLASSIFIED	UNCLASSIFIED	UNCLASSIFIED	UNCLASSIFIED		Perl *= (multiply-assign). Overload `*` through %p-compound-*-slow when an operand is blessed; see %compound-arith-form.
p-*=-raw	macro	compound-assignment	(var &rest %args)	UNCLASSIFIED	UNCLASSIFIED	UNCLASSIFIED	UNCLASSIFIED	UNCLASSIFIED	UNCLASSIFIED	UNCLASSIFIED		Perl *= (multiply-assign). Overload `*` through %p-compound-*-slow when an operand is blessed; see %compound-arith-form.
p-+	function	numeric	(a &optional (b nil b-supplied-p))	insensitive	num	none	no	no	no	none		Perl + with numberp fast path + use overload dispatch
p--	function	numeric	(a &optional b)	insensitive	num,str	none	no	no	no	none		Perl subtraction / unary minus with numberp fast path + overload dispatch.
p--b	macro	filetest	(arg)	UNCLASSIFIED	UNCLASSIFIED	UNCLASSIFIED	UNCLASSIFIED	UNCLASSIFIED	UNCLASSIFIED	UNCLASSIFIED		Perl p--b — a bareword filehandle in the operand slot is a NAME, not a variable (#1032). Body: %p--b-impl.
p--c	macro	filetest	(arg)	UNCLASSIFIED	UNCLASSIFIED	UNCLASSIFIED	UNCLASSIFIED	UNCLASSIFIED	UNCLASSIFIED	UNCLASSIFIED		Perl p--c — a bareword filehandle in the operand slot is a NAME, not a variable (#1032). Body: %p--c-impl.
p--d	macro	filetest	(arg)	UNCLASSIFIED	UNCLASSIFIED	UNCLASSIFIED	UNCLASSIFIED	UNCLASSIFIED	UNCLASSIFIED	UNCLASSIFIED		Perl p--d — a bareword filehandle in the operand slot is a NAME, not a variable (#1032). Body: %p--d-impl.
p--e	macro	filetest	(arg)	UNCLASSIFIED	UNCLASSIFIED	UNCLASSIFIED	UNCLASSIFIED	UNCLASSIFIED	UNCLASSIFIED	UNCLASSIFIED		Perl p--e — a bareword filehandle in the operand slot is a NAME, not a variable (#1032). Body: %p--e-impl.
p--f	macro	filetest	(arg)	UNCLASSIFIED	UNCLASSIFIED	UNCLASSIFIED	UNCLASSIFIED	UNCLASSIFIED	UNCLASSIFIED	UNCLASSIFIED		Perl p--f — a bareword filehandle in the operand slot is a NAME, not a variable (#1032). Body: %p--f-impl.
p--g	macro	filetest	(arg)	UNCLASSIFIED	UNCLASSIFIED	UNCLASSIFIED	UNCLASSIFIED	UNCLASSIFIED	UNCLASSIFIED	UNCLASSIFIED		Perl p--g — a bareword filehandle in the operand slot is a NAME, not a variable (#1032). Body: %p--g-impl.
p--k	macro	filetest	(arg)	UNCLASSIFIED	UNCLASSIFIED	UNCLASSIFIED	UNCLASSIFIED	UNCLASSIFIED	UNCLASSIFIED	UNCLASSIFIED		Perl p--k — a bareword filehandle in the operand slot is a NAME, not a variable (#1032). Body: %p--k-impl.
p--l	macro	filetest	(arg)	UNCLASSIFIED	UNCLASSIFIED	UNCLASSIFIED	UNCLASSIFIED	UNCLASSIFIED	UNCLASSIFIED	UNCLASSIFIED		Perl p--l — a bareword filehandle in the operand slot is a NAME, not a variable (#1032). Body: %p--l-impl.
p--o	macro	filetest	(arg)	UNCLASSIFIED	UNCLASSIFIED	UNCLASSIFIED	UNCLASSIFIED	UNCLASSIFIED	UNCLASSIFIED	UNCLASSIFIED		Perl p--o — a bareword filehandle in the operand slot is a NAME, not a variable (#1032). Body: %p--o-impl.
p--p	macro	filetest	(arg)	UNCLASSIFIED	UNCLASSIFIED	UNCLASSIFIED	UNCLASSIFIED	UNCLASSIFIED	UNCLASSIFIED	UNCLASSIFIED		Perl p--p — a bareword filehandle in the operand slot is a NAME, not a variable (#1032). Body: %p--p-impl.
p--r	macro	filetest	(arg)	UNCLASSIFIED	UNCLASSIFIED	UNCLASSIFIED	UNCLASSIFIED	UNCLASSIFIED	UNCLASSIFIED	UNCLASSIFIED		Perl p--r — a bareword filehandle in the operand slot is a NAME, not a variable (#1032). Body: %p--r-impl.
p--s	macro	filetest	(arg)	UNCLASSIFIED	UNCLASSIFIED	UNCLASSIFIED	UNCLASSIFIED	UNCLASSIFIED	UNCLASSIFIED	UNCLASSIFIED		Perl p--s — a bareword filehandle in the operand slot is a NAME, not a variable (#1032). Body: %p--s-impl.
p--t	macro	filetest	(&optional (fh (quote (quote STDIN))))	UNCLASSIFIED	UNCLASSIFIED	UNCLASSIFIED	UNCLASSIFIED	UNCLASSIFIED	UNCLASSIFIED	UNCLASSIFIED		Perl -t: bareword filehandle is auto-quoted (like p-fileno).
p--u	macro	filetest	(arg)	UNCLASSIFIED	UNCLASSIFIED	UNCLASSIFIED	UNCLASSIFIED	UNCLASSIFIED	UNCLASSIFIED	UNCLASSIFIED		Perl p--u — a bareword filehandle in the operand slot is a NAME, not a variable (#1032). Body: %p--u-impl.
p--w	macro	filetest	(arg)	UNCLASSIFIED	UNCLASSIFIED	UNCLASSIFIED	UNCLASSIFIED	UNCLASSIFIED	UNCLASSIFIED	UNCLASSIFIED		Perl p--w — a bareword filehandle in the operand slot is a NAME, not a variable (#1032). Body: %p--w-impl.
p--x	macro	filetest	(arg)	UNCLASSIFIED	UNCLASSIFIED	UNCLASSIFIED	UNCLASSIFIED	UNCLASSIFIED	UNCLASSIFIED	UNCLASSIFIED		Perl p--x — a bareword filehandle in the operand slot is a NAME, not a variable (#1032). Body: %p--x-impl.
p--z	macro	filetest	(arg)	UNCLASSIFIED	UNCLASSIFIED	UNCLASSIFIED	UNCLASSIFIED	UNCLASSIFIED	UNCLASSIFIED	UNCLASSIFIED		Perl p--z — a bareword filehandle in the operand slot is a NAME, not a variable (#1032). Body: %p--z-impl.
p-.	function	string	(a b)	insensitive	str	none	no	no	no	none		Perl string concatenation operator (.) with stringp fast path.
p-..	function	range	(start end)	UNCLASSIFIED	UNCLASSIFIED	UNCLASSIFIED	UNCLASSIFIED	UNCLASSIFIED	UNCLASSIFIED	UNCLASSIFIED		Perl range operator .. - returns a vector from start to end (inclusive). Works with numbers, single characters, and multi-character strings (magical string incr
p-...	function	range	(start end)	UNCLASSIFIED	UNCLASSIFIED	UNCLASSIFIED	UNCLASSIFIED	UNCLASSIFIED	UNCLASSIFIED	UNCLASSIFIED		Perl three-dot range operator ... - same as .. in list context.
p-.=	macro	compound-assignment	(place value)	UNCLASSIFIED	UNCLASSIFIED	UNCLASSIFIED	UNCLASSIFIED	UNCLASSIFIED	UNCLASSIFIED	UNCLASSIFIED		Perl .= (concat-assign). Overload `.` through %p-compound-.-slow when an operand is blessed (perl autogenerates `.` from `""`, so a class with only `""` still c
p-.=-raw	macro	compound-assignment	(var &rest %args)	UNCLASSIFIED	UNCLASSIFIED	UNCLASSIFIED	UNCLASSIFIED	UNCLASSIFIED	UNCLASSIFIED	UNCLASSIFIED		Perl .= (concat-assign). Overload `.` through %p-compound-.-slow when an operand is blessed (perl autogenerates `.` from `""`, so a class with only `""` still c
p-/	function	numeric	(a b)	insensitive	num	none	yes	no	no	none		Perl division with numberp fast path + use overload dispatch
p-//	macro	logical	(a b)	UNCLASSIFIED	UNCLASSIFIED	UNCLASSIFIED	UNCLASSIFIED	UNCLASSIFIED	UNCLASSIFIED	UNCLASSIFIED		Perl defined-or operator
p-//=	macro	compound-assignment	(place value)	UNCLASSIFIED	UNCLASSIFIED	UNCLASSIFIED	UNCLASSIFIED	UNCLASSIFIED	UNCLASSIFIED	UNCLASSIFIED		Perl //= (defined-or-assign) - assigns value only if place is undef.
p-/=	macro	compound-assignment	(place value)	UNCLASSIFIED	UNCLASSIFIED	UNCLASSIFIED	UNCLASSIFIED	UNCLASSIFIED	UNCLASSIFIED	UNCLASSIFIED		Perl /= (divide-assign). Delegate to p-/ so an exact CL ratio is coerced to a float (7/2 -> 3.5, not the leaked ratio "7/2") and overload '/' dispatches.
p-/=-raw	macro	compound-assignment	(var &rest %args)	UNCLASSIFIED	UNCLASSIFIED	UNCLASSIFIED	UNCLASSIFIED	UNCLASSIFIED	UNCLASSIFIED	UNCLASSIFIED		Perl /= (divide-assign). Delegate to p-/ so an exact CL ratio is coerced to a float (7/2 -> 3.5, not the leaked ratio "7/2") and overload '/' dispatches.
p-<	function	numeric-compare	(a b)	insensitive	num	none	no	no	no	none		Perl < with numberp fast path (returns 1 / "")
p-<<	function	bitwise	(a b)	UNCLASSIFIED	UNCLASSIFIED	UNCLASSIFIED	UNCLASSIFIED	UNCLASSIFIED	UNCLASSIFIED	UNCLASSIFIED		Perl left shift — clamp shift count to prevent SBCL bignum explosion
p-<<-int	function	bitwise	(a b)	UNCLASSIFIED	UNCLASSIFIED	UNCLASSIFIED	UNCLASSIFIED	UNCLASSIFIED	UNCLASSIFIED	UNCLASSIFIED		Perl left shift under 'use integer' — signed 64-bit arithmetic.
p-<<=	macro	compound-assignment	(place value)	UNCLASSIFIED	UNCLASSIFIED	UNCLASSIFIED	UNCLASSIFIED	UNCLASSIFIED	UNCLASSIFIED	UNCLASSIFIED		Perl <<= (left-shift-assign)
p-<<=-raw	macro	compound-assignment	(var &rest %args)	UNCLASSIFIED	UNCLASSIFIED	UNCLASSIFIED	UNCLASSIFIED	UNCLASSIFIED	UNCLASSIFIED	UNCLASSIFIED		Perl <<= (left-shift-assign)
p-<=	function	numeric-compare	(a b)	insensitive	num	none	no	no	no	none		Perl <= with numberp fast path (returns 1 / "")
p-<=>	function	numeric-compare	(a b)	insensitive	num	none	no	no	no	none		Perl spaceship operator with numberp fast path
p-==	function	numeric-compare	(a b)	insensitive	num	none	no	no	no	none		Perl == with numberp fast path (returns 1 / "")
p-=~	function	regex	(string operation)	UNCLASSIFIED	UNCLASSIFIED	UNCLASSIFIED	UNCLASSIFIED	UNCLASSIFIED	UNCLASSIFIED	UNCLASSIFIED		Perl =~ binding operator. Dispatches based on operation type: - p-regex-match: perform match, return t/nil - p-subst-op: perform substitution, modify string, re
p->	function	numeric-compare	(a b)	insensitive	num	none	no	no	no	none		Perl > with numberp fast path (returns 1 / "")
p->=	function	numeric-compare	(a b)	insensitive	num	none	no	no	no	none		Perl >= with numberp fast path (returns 1 / "")
p->>	function	bitwise	(a b)	UNCLASSIFIED	UNCLASSIFIED	UNCLASSIFIED	UNCLASSIFIED	UNCLASSIFIED	UNCLASSIFIED	UNCLASSIFIED		Perl right shift — clamp shift count to prevent SBCL bignum explosion
p->>-int	function	bitwise	(a b)	UNCLASSIFIED	UNCLASSIFIED	UNCLASSIFIED	UNCLASSIFIED	UNCLASSIFIED	UNCLASSIFIED	UNCLASSIFIED		Perl right shift under 'use integer' — signed 64-bit arithmetic.
p->>=	macro	compound-assignment	(place value)	UNCLASSIFIED	UNCLASSIFIED	UNCLASSIFIED	UNCLASSIFIED	UNCLASSIFIED	UNCLASSIFIED	UNCLASSIFIED		Perl >>= (right-shift-assign)
p->>=-raw	macro	compound-assignment	(var &rest %args)	UNCLASSIFIED	UNCLASSIFIED	UNCLASSIFIED	UNCLASSIFIED	UNCLASSIFIED	UNCLASSIFIED	UNCLASSIFIED		Perl >>= (right-shift-assign)
p-abs	function	numeric	(val)	insensitive	num	none	no	no	no	none		Perl abs - absolute value. `use overload' decides first (%p-abs-overload).
p-accept	macro	socket	(newfh serverfh)	UNCLASSIFIED	UNCLASSIFIED	UNCLASSIFIED	UNCLASSIFIED	UNCLASSIFIED	UNCLASSIFIED	UNCLASSIFIED		Perl accept — both filehandles are auto-quoted (the new socket is written through NEWSOCK, like read writes through its buffer).
p-alarm	function	time	(&optional secs)	UNCLASSIFIED	UNCLASSIFIED	UNCLASSIFIED	UNCLASSIFIED	UNCLASSIFIED	UNCLASSIFIED	UNCLASSIFIED		Perl alarm - schedule SIGALRM after SECS seconds (0 cancels a pending alarm). When it fires, $SIG{ALRM} is invoked. Returns the number of seconds that were rema
p-alias-array-elements	function	refaliasing	(arr refs)	UNCLASSIFIED	UNCLASSIFIED	UNCLASSIFIED	UNCLASSIFIED	UNCLASSIFIED	UNCLASSIFIED	UNCLASSIFIED		`\(@a) = LIST` — perlref's parenthesized-ARRAY refaliasing: each element SLOT of @a becomes the scalar its right-hand reference points at. Perl REPLACES the con
p-alias-array-slot	function	refaliasing	(arr idx ref)	UNCLASSIFIED	UNCLASSIFIED	UNCLASSIFIED	UNCLASSIFIED	UNCLASSIFIED	UNCLASSIFIED	UNCLASSIFIED		`\$a[i] = REF` — make the slot hold the referent box itself. See p-alias-hash-slot for why the container goes through the cast.
p-alias-array-target	function	refaliasing	(ref)	UNCLASSIFIED	UNCLASSIFIED	UNCLASSIFIED	UNCLASSIFIED	UNCLASSIFIED	UNCLASSIFIED	UNCLASSIFIED		The VECTOR an array reference points at, for `\@a = REF`.
p-alias-code-target	function	refaliasing	(ref)	UNCLASSIFIED	UNCLASSIFIED	UNCLASSIFIED	UNCLASSIFIED	UNCLASSIFIED	UNCLASSIFIED	UNCLASSIFIED		The FUNCTION a code reference points at, for `\&c = REF`.
p-alias-eval-cell	function	exception	(sym cell)	UNCLASSIFIED	UNCLASSIFIED	UNCLASSIFIED	UNCLASSIFIED	UNCLASSIFIED	UNCLASSIFIED	UNCLASSIFIED		Store CELL (a renamed file-lexical's container) as the value of SYM, the variable's ORIGINAL-name symbol in its declaring package, so string eval resolves the n
p-alias-hash-slot	function	refaliasing	(hash key ref)	UNCLASSIFIED	UNCLASSIFIED	UNCLASSIFIED	UNCLASSIFIED	UNCLASSIFIED	UNCLASSIFIED	UNCLASSIFIED		`\$h{k} = REF` — make the slot hold the referent box itself. HASH is whatever the element place's container argument evaluates to (a raw hash, a box, or a hash 
p-alias-hash-target	function	refaliasing	(ref)	UNCLASSIFIED	UNCLASSIFIED	UNCLASSIFIED	UNCLASSIFIED	UNCLASSIFIED	UNCLASSIFIED	UNCLASSIFIED		The HASH-TABLE a hash reference points at, for `\%h = REF`.
p-alias-scalar-target	function	refaliasing	(ref)	UNCLASSIFIED	UNCLASSIFIED	UNCLASSIFIED	UNCLASSIFIED	UNCLASSIFIED	UNCLASSIFIED	UNCLASSIFIED		The BOX a scalar reference points at, for `\$x = REF`. Two shapes reach here and IS-REF is what separates them (that is the flag's job — p-backslash sets it on 
p-and	macro	logical	(a b)	UNCLASSIFIED	UNCLASSIFIED	UNCLASSIFIED	UNCLASSIFIED	UNCLASSIFIED	UNCLASSIFIED	UNCLASSIFIED		Perl 'and' operator
p-and-assign	macro	compound-assignment	(place value)	UNCLASSIFIED	UNCLASSIFIED	UNCLASSIFIED	UNCLASSIFIED	UNCLASSIFIED	UNCLASSIFIED	UNCLASSIFIED		Perl &&= (and-assign) - assigns value only if place is true.
p-aref	function	elements	(arr idx)	insensitive	num	none	yes	no	no	none	setf	Perl array access (supports negative indices, works on vectors and lists). Returns the VALUE (unboxed for scalars, box preserved for references). FAST ARM (s458
p-aref-argbox	function	elements	(arr idx)	UNCLASSIFIED	UNCLASSIFIED	UNCLASSIFIED	UNCLASSIFIED	UNCLASSIFIED	UNCLASSIFIED	UNCLASSIFIED		Array element in USER-SUB ARGUMENT position (perl's @_ aliasing): the LIVE slot box when the element exists — a write to $_[N] in the callee reaches the caller'
p-aref-box	function	elements	(arr idx)	insensitive	num	none	yes	no	no	none		Get the BOX at array index (for l-value operations like chop, ++). Creates box if needed, auto-extends array. Returns the box itself.
p-aref-deref	function	elements	(ref idx)	UNCLASSIFIED	UNCLASSIFIED	UNCLASSIFIED	UNCLASSIFIED	UNCLASSIFIED	UNCLASSIFIED	UNCLASSIFIED	setf	Perl array ref access $ref->[idx] - unbox the reference first. When idx is a vector (range result), returns a slice instead of a single element. When ref is a s
p-aref-deref-box	function	elements	(ref idx)	UNCLASSIFIED	UNCLASSIFIED	UNCLASSIFIED	UNCLASSIFIED	UNCLASSIFIED	UNCLASSIFIED	UNCLASSIFIED		Live BOX at $ref->[idx] — the array-ref analogue of p-gethash-deref-box.
p-arg-supplied-p	macro	signature	(args index)	insensitive	none	none	no	no	no	none		Did the caller supply the INDEX'th positional argument? This is the ONE availability test a signature asks — an optional parameter's default and the `local $G =
p-args-body	macro	sub-definition	(&body body)	UNCLASSIFIED	UNCLASSIFIED	UNCLASSIFIED	UNCLASSIFIED	UNCLASSIFIED	UNCLASSIFIED	UNCLASSIFIED		Standard named-sub prologue emitted by the code generator: bind Perl's @_ from the &rest %_args captured by the enclosing p-sub lambda list, then run BODY. Both
p-array-=	macro	assignment	(place value)	UNCLASSIFIED	UNCLASSIFIED	UNCLASSIFIED	UNCLASSIFIED	UNCLASSIFIED	UNCLASSIFIED	UNCLASSIFIED		Assign to an array variable (@arr). Clears and refills from value. Flattens nested vectors (but not strings), wraps elements in boxes. Snapshots any adjustable 
p-array-deref-=	function	assignment	(array-ref value)	UNCLASSIFIED	UNCLASSIFIED	UNCLASSIFIED	UNCLASSIFIED	UNCLASSIFIED	UNCLASSIFIED	UNCLASSIFIED		Assign to a dereferenced array: @$ref = (list). array-ref is the box containing the array reference. Gets or auto-vivifies the array, then clears and repopulate
p-array-fill	function	assignment	(place value)	UNCLASSIFIED	UNCLASSIFIED	UNCLASSIFIED	UNCLASSIFIED	UNCLASSIFIED	UNCLASSIFIED	UNCLASSIFIED		Clear adjustable array PLACE and refill it from VALUE: flatten nested vectors (but not strings), box elements, preserve nil holes. Snapshots VALUE first so self
p-array-init	function	aggregate-builtin	(&rest elements)	UNCLASSIFIED	UNCLASSIFIED	UNCLASSIFIED	UNCLASSIFIED	UNCLASSIFIED	UNCLASSIFIED	UNCLASSIFIED		Create a Perl array (adjustable vector) from elements. Flattens any nested arrays/vectors (but not strings) to handle expressions like [(@x) x 2] correctly. Sto
p-array-last-index	function	aggregate-builtin	(arr)	UNCLASSIFIED	UNCLASSIFIED	UNCLASSIFIED	UNCLASSIFIED	UNCLASSIFIED	UNCLASSIFIED	UNCLASSIFIED		Perl $#arr - last index. Accepts raw vectors (@arr) or boxed array refs ($aref). Handles both single-boxed (old autovivified) and double-boxed (p-backslash) ref
p-arylen-lvalue-cell	function	reference	(arr)	UNCLASSIFIED	UNCLASSIFIED	UNCLASSIFIED	UNCLASSIFIED	UNCLASSIFIED	UNCLASSIFIED	UNCLASSIFIED		Bare magic-cell box for the array-length (arylen) magic of ARR (no \-ref wrapper). Reading returns the last index, writing resizes ARR. See p-substr-lvalue-cell
p-arylen-ref	function	reference	(arr)	UNCLASSIFIED	UNCLASSIFIED	UNCLASSIFIED	UNCLASSIFIED	UNCLASSIFIED	UNCLASSIFIED	UNCLASSIFIED		Perl \$#array — a live reference to the array-length (arylen) magic of ARR. A plain (p-backslash (p-array-last-index arr)) backslashes a COPY of the integer, so
p-aslice	function	elements	(arr &rest indices)	insensitive	num	none	yes	no	no	none		Perl array slice @arr[indices] - returns a vector of the container's own ELEMENTS (slot boxes / defelem aliases, %p-alias-aelem): a slice is a list of ALIASES i
p-atan2	function	math	(y x)	UNCLASSIFIED	UNCLASSIFIED	UNCLASSIFIED	UNCLASSIFIED	UNCLASSIFIED	UNCLASSIFIED	UNCLASSIFIED		Perl atan2 - arctangent of y/x. The one BINARY member of the family.
p-backslash	function	reference	(val)	UNCLASSIFIED	UNCLASSIFIED	UNCLASSIFIED	UNCLASSIFIED	UNCLASSIFIED	UNCLASSIFIED	UNCLASSIFIED		Perl reference operator \$x - returns a box containing the referenced value. For scalars (boxes): returns a box containing the box (reference to scalar). For ar
p-backslash-list	name-only	reference		UNCLASSIFIED	UNCLASSIFIED	UNCLASSIFIED	UNCLASSIFIED	UNCLASSIFIED	UNCLASSIFIED	UNCLASSIFIED		
p-backslash-sub	function	reference	(sym)	UNCLASSIFIED	UNCLASSIFIED	UNCLASSIFIED	UNCLASSIFIED	UNCLASSIFIED	UNCLASSIFIED	UNCLASSIFIED		Perl \&funcname — return a code ref, dispatching to AUTOLOAD if not defined.
p-backslash-sub-ref	function	reference	(val)	UNCLASSIFIED	UNCLASSIFIED	UNCLASSIFIED	UNCLASSIFIED	UNCLASSIFIED	UNCLASSIFIED	UNCLASSIFIED		Perl \&$name / \&{EXPR} — the same thing `\&NAME` is, for a name computed at run time (task #517). It used to be (p-backslash (p-get-coderef VAL)), and p-get-co
p-backtick	function	command-capture	(cmd)	UNCLASSIFIED	UNCLASSIFIED	UNCLASSIFIED	UNCLASSIFIED	UNCLASSIFIED	UNCLASSIFIED	UNCLASSIFIED		Perl backticks / qx / readpipe — run the command and capture its stdout. WANTARRAY-SENSITIVE, exactly like readline (task #731): scalar/void context gives the w
p-bind	macro	socket	(fh name)	UNCLASSIFIED	UNCLASSIFIED	UNCLASSIFIED	UNCLASSIFIED	UNCLASSIFIED	UNCLASSIFIED	UNCLASSIFIED		Perl bind — bareword filehandle is auto-quoted.
p-binmode	macro	io	(fh &rest args)	UNCLASSIFIED	UNCLASSIFIED	UNCLASSIFIED	UNCLASSIFIED	UNCLASSIFIED	UNCLASSIFIED	UNCLASSIFIED		Perl binmode — bareword filehandle is auto-quoted.
p-bit-and	function	bitwise	(a b)	UNCLASSIFIED	UNCLASSIFIED	UNCLASSIFIED	UNCLASSIFIED	UNCLASSIFIED	UNCLASSIFIED	UNCLASSIFIED		Perl bitwise AND — string (char-by-char, truncates) or numeric (unsigned 64-bit)
p-bit-and=	macro	compound-assignment	(place value)	UNCLASSIFIED	UNCLASSIFIED	UNCLASSIFIED	UNCLASSIFIED	UNCLASSIFIED	UNCLASSIFIED	UNCLASSIFIED		Perl &= (bitwise-and-assign)
p-bit-and=-raw	macro	compound-assignment	(var &rest %args)	UNCLASSIFIED	UNCLASSIFIED	UNCLASSIFIED	UNCLASSIFIED	UNCLASSIFIED	UNCLASSIFIED	UNCLASSIFIED		Perl &= (bitwise-and-assign)
p-bit-not	function	bitwise	(a)	UNCLASSIFIED	UNCLASSIFIED	UNCLASSIFIED	UNCLASSIFIED	UNCLASSIFIED	UNCLASSIFIED	UNCLASSIFIED		Perl bitwise NOT — bit-string complement when the operand has a string body, integer complement when it carries a number OR IS A REFERENCE. That last clause is 
p-bit-or	function	bitwise	(a b)	UNCLASSIFIED	UNCLASSIFIED	UNCLASSIFIED	UNCLASSIFIED	UNCLASSIFIED	UNCLASSIFIED	UNCLASSIFIED		Perl bitwise OR — string (char-by-char, pads with NUL) or numeric (unsigned 64-bit)
p-bit-or=	macro	compound-assignment	(place value)	UNCLASSIFIED	UNCLASSIFIED	UNCLASSIFIED	UNCLASSIFIED	UNCLASSIFIED	UNCLASSIFIED	UNCLASSIFIED		Perl |= (bitwise-or-assign)
p-bit-or=-raw	macro	compound-assignment	(var &rest %args)	UNCLASSIFIED	UNCLASSIFIED	UNCLASSIFIED	UNCLASSIFIED	UNCLASSIFIED	UNCLASSIFIED	UNCLASSIFIED		Perl |= (bitwise-or-assign)
p-bit-xor	function	bitwise	(a b)	UNCLASSIFIED	UNCLASSIFIED	UNCLASSIFIED	UNCLASSIFIED	UNCLASSIFIED	UNCLASSIFIED	UNCLASSIFIED		Perl bitwise XOR — string (char-by-char, pads with NUL) or numeric (unsigned 64-bit)
p-bit-xor=	macro	compound-assignment	(place value)	UNCLASSIFIED	UNCLASSIFIED	UNCLASSIFIED	UNCLASSIFIED	UNCLASSIFIED	UNCLASSIFIED	UNCLASSIFIED		Perl ^= (bitwise-xor-assign)
p-bit-xor=-raw	macro	compound-assignment	(var &rest %args)	UNCLASSIFIED	UNCLASSIFIED	UNCLASSIFIED	UNCLASSIFIED	UNCLASSIFIED	UNCLASSIFIED	UNCLASSIFIED		Perl ^= (bitwise-xor-assign)
p-bless	function	introspection	(ref class)	UNCLASSIFIED	UNCLASSIFIED	UNCLASSIFIED	UNCLASSIFIED	UNCLASSIFIED	UNCLASSIFIED	UNCLASSIFIED		Perl bless - attach class to a reference (hash, array, or scalar ref). For hashes: stores class in :__class__ key (survives unboxing). For arrays/code/other: st
p-box	class	box		UNCLASSIFIED	UNCLASSIFIED	UNCLASSIFIED	UNCLASSIFIED	UNCLASSIFIED	UNCLASSIFIED	UNCLASSIFIED		
p-box-for-local	function	reference	(value)	UNCLASSIFIED	UNCLASSIFIED	UNCLASSIFIED	UNCLASSIFIED	UNCLASSIFIED	UNCLASSIFIED	UNCLASSIFIED		Create a new box for a 'local $x = init' binding using box-set semantics. Unlike (make-p-box value) — which stores value raw, creating box-of-box for blessed ob
p-box-init	function	assignment	(value)	UNCLASSIFIED	UNCLASSIFIED	UNCLASSIFIED	UNCLASSIFIED	UNCLASSIFIED	UNCLASSIFIED	UNCLASSIFIED		Fresh box initialized with Perl copy semantics (my $x = VALUE). Used as a LET binding init-form when the init expression references the declared name itself (my
p-box-p	function	box	(sb-kernel::object)	UNCLASSIFIED	UNCLASSIFIED	UNCLASSIFIED	UNCLASSIFIED	UNCLASSIFIED	UNCLASSIFIED	UNCLASSIFIED		
p-box-value	function	box	(sb-kernel:instance)	UNCLASSIFIED	UNCLASSIFIED	UNCLASSIFIED	UNCLASSIFIED	UNCLASSIFIED	UNCLASSIFIED	UNCLASSIFIED	setf	
p-break	function	control-flow	nil	UNCLASSIFIED	UNCLASSIFIED	UNCLASSIFIED	UNCLASSIFIED	UNCLASSIFIED	UNCLASSIFIED	UNCLASSIFIED		Perl break (given/when) - exit given block
p-call-overload	function	overload	(handler self other reversedp &optional op-str)	UNCLASSIFIED	UNCLASSIFIED	UNCLASSIFIED	UNCLASSIFIED	UNCLASSIFIED	UNCLASSIFIED	UNCLASSIFIED		Call a use overload handler with Perl's three-argument convention: handler(self, other, reversed). REVERSEDP is true when the blessed object was the right opera
p-caller	function	introspection	(&optional (level 0))	UNCLASSIFIED	UNCLASSIFIED	UNCLASSIFIED	UNCLASSIFIED	UNCLASSIFIED	UNCLASSIFIED	UNCLASSIFIED		Perl caller - return information about the calling subroutine. In scalar context, returns package name. In list context, returns (package filename line subrouti
p-caller-ctx	macro	context-frame	(&body body)	UNCLASSIFIED	UNCLASSIFIED	UNCLASSIFIED	UNCLASSIFIED	UNCLASSIFIED	UNCLASSIFIED	UNCLASSIFIED		Evaluate BODY in the context this sub was CALLED in — the propagating case (goto &sub, a tail call): *wantarray* becomes the saved caller context.
p-can	function	introspection	(invocant method-name)	UNCLASSIFIED	UNCLASSIFIED	UNCLASSIFIED	UNCLASSIFIED	UNCLASSIFIED	UNCLASSIFIED	UNCLASSIFIED		Perl can() - return the code reference for METHOD-NAME resolvable from the invocant's class (walking @ISA + UNIVERSAL), or nil. Only methods actually defined in
p-capture-fh	function	capture-io	(value)	UNCLASSIFIED	UNCLASSIFIED	UNCLASSIFIED	UNCLASSIFIED	UNCLASSIFIED	UNCLASSIFIED	UNCLASSIFIED		`open` on a capture variable, whose verdict perl makes CONDITIONAL, and the condition is autovivification (#873, probed 5.40.3): `open $1, …` on a DEFINED captu
p-capture-write	function	capture-io	(value)	UNCLASSIFIED	UNCLASSIFIED	UNCLASSIFIED	UNCLASSIFIED	UNCLASSIFIED	UNCLASSIFIED	UNCLASSIFIED		perl makes every CAPTURE VARIABLE read-only, so a WRITE to one is a trappable run-time death — `eval { $1 = 5 }` leaves "Modification of a read-only value attem
p-cast-$	function	reference	(val &optional site)	UNCLASSIFIED	UNCLASSIFIED	UNCLASSIFIED	UNCLASSIFIED	UNCLASSIFIED	UNCLASSIFIED	UNCLASSIFIED	setf	Perl scalar dereference ${$ref} or symbolic ref ${'name'}. If val unboxes to a string or a number, treat as symbolic reference.
p-cast-%	function	reference	(val &optional site)	UNCLASSIFIED	UNCLASSIFIED	UNCLASSIFIED	UNCLASSIFIED	UNCLASSIFIED	UNCLASSIFIED	UNCLASSIFIED		Perl hash dereference %{$ref} - unbox to get the hash. Handles both old format (box containing hash) and new format (box containing box containing hash, from p-
p-cast-@	function	reference	(val &optional site)	UNCLASSIFIED	UNCLASSIFIED	UNCLASSIFIED	UNCLASSIFIED	UNCLASSIFIED	UNCLASSIFIED	UNCLASSIFIED		Perl array dereference @{$ref} - unbox to get the array. Handles both old format (box containing vector) and new format (box containing box containing vector, f
p-chain-cmp	macro	numeric-compare	(first-term &rest ops-and-terms)	insensitive	none	none	no	no	no	none		Chained comparison: a op1 b op2 c [op3 d ...]. Evaluates each term exactly once with short-circuit semantics: if any comparison is false, remaining terms are no
p-chdir	function	file-ops	(&optional dir)	UNCLASSIFIED	UNCLASSIFIED	UNCLASSIFIED	UNCLASSIFIED	UNCLASSIFIED	UNCLASSIFIED	UNCLASSIFIED		Perl chdir - change current directory. Returns true on success. Also updates *default-pathname-defaults* for Lisp path resolution.
p-check-arity	function	signature	(funcname got min max flexible &optional hash-start)	UNCLASSIFIED	UNCLASSIFIED	UNCLASSIFIED	UNCLASSIFIED	UNCLASSIFIED	UNCLASSIFIED	UNCLASSIFIED		Perl subroutine-signature arity check. Throws a Perl-formatted 'Too few/many arguments for subroutine ...' error when GOT is outside [MIN, MAX]. MAX = nil means
p-chmod	function	file-ops	(mode &rest files)	UNCLASSIFIED	UNCLASSIFIED	UNCLASSIFIED	UNCLASSIFIED	UNCLASSIFIED	UNCLASSIFIED	UNCLASSIFIED		Perl chmod MODE, LIST — change permissions. Returns count changed. A filehandle in the LIST is fchmod'd by descriptor; everything else is a path. (Only an actua
p-chomp	function	string	(&rest vars)	UNCLASSIFIED	UNCLASSIFIED	UNCLASSIFIED	UNCLASSIFIED	UNCLASSIFIED	UNCLASSIFIED	UNCLASSIFIED		Perl chomp - remove trailing newline, modifies variable(s) in place. Returns total number of characters removed. Handles multiple arguments: chomp($x, @arr) cho
p-chop	function	string	(&rest vars)	UNCLASSIFIED	UNCLASSIFIED	UNCLASSIFIED	UNCLASSIFIED	UNCLASSIFIED	UNCLASSIFIED	UNCLASSIFIED		Perl chop - remove last character, modifies variable(s) in place. Returns the removed character from the last processed value. Handles multiple arguments: chop(
p-chown	function	file-ops	(&optional (uid nil uid-p) (gid nil gid-p) &rest files)	UNCLASSIFIED	UNCLASSIFIED	UNCLASSIFIED	UNCLASSIFIED	UNCLASSIFIED	UNCLASSIFIED	UNCLASSIFIED		Perl chown UID, GID, LIST — change owner/group. Returns count changed. A UID or GID of -1 leaves that attribute unchanged. A filehandle in the LIST is fchown'd 
p-chr	function	string	(n)	insensitive	num	none	no	no	no	none		Perl chr - character from code point.
p-cloned-sub	function	sub-definition	(f)	UNCLASSIFIED	UNCLASSIFIED	UNCLASSIFIED	UNCLASSIFIED	UNCLASSIFIED	UNCLASSIFIED	UNCLASSIFIED		Return a code ref that CALLS F but is a DISTINCT OBJECT from every other call's result — perl's per-evaluation CV clone (task #1083). perl re-uses ONE CV for a 
p-close	macro	io	(&optional fh)	UNCLASSIFIED	UNCLASSIFIED	UNCLASSIFIED	UNCLASSIFIED	UNCLASSIFIED	UNCLASSIFIED	UNCLASSIFIED		Perl close - close filehandle. Bareword is quoted; lexical $fh passed as box. With no argument, Perl closes the currently-selected default output handle. PCL do
p-closedir	macro	directory-io	(dh)	UNCLASSIFIED	UNCLASSIFIED	UNCLASSIFIED	UNCLASSIFIED	UNCLASSIFIED	UNCLASSIFIED	UNCLASSIFIED		Perl closedir — bareword dirhandle is auto-quoted.
p-coderef-defined-p	function	introspection	(coderef)	UNCLASSIFIED	UNCLASSIFIED	UNCLASSIFIED	UNCLASSIFIED	UNCLASSIFIED	UNCLASSIFIED	UNCLASSIFIED		Perl defined &{$coderef} — true only if coderef points to a sub with a body. Accepts a real function object OR a symbolic sub-name string (no-strict-refs). A fo
p-coderef-exists-p	function	introspection	(coderef)	UNCLASSIFIED	UNCLASSIFIED	UNCLASSIFIED	UNCLASSIFIED	UNCLASSIFIED	UNCLASSIFIED	UNCLASSIFIED		Perl exists &{$coderef} — 1 if coderef points to a declared or defined sub, else the DEFINED empty string (it was undef; see p-exists, #1173). Accepts a real fu
p-connect	macro	socket	(fh name)	UNCLASSIFIED	UNCLASSIFIED	UNCLASSIFIED	UNCLASSIFIED	UNCLASSIFIED	UNCLASSIFIED	UNCLASSIFIED		Perl connect — bareword filehandle is auto-quoted.
p-continue	function	control-flow	nil	UNCLASSIFIED	UNCLASSIFIED	UNCLASSIFIED	UNCLASSIFIED	UNCLASSIFIED	UNCLASSIFIED	UNCLASSIFIED		Perl continue (given/when) - fall through to next when clause
p-copy-array	function	aggregate-builtin	(src)	UNCLASSIFIED	UNCLASSIFIED	UNCLASSIFIED	UNCLASSIFIED	UNCLASSIFIED	UNCLASSIFIED	UNCLASSIFIED		Create a fresh flat copy of SRC for 'local @arr = expr' bindings. Flattens nested adjustable vectors exactly like p-array-= does, so that 'local @a = (X, @a, Y)
p-copy-hash	function	aggregate-builtin	(h)	UNCLASSIFIED	UNCLASSIFIED	UNCLASSIFIED	UNCLASSIFIED	UNCLASSIFIED	UNCLASSIFIED	UNCLASSIFIED		Create a fresh copy of a hash for 'local %h = expr' semantics. Handles both hash-table input (direct copy) and vector/list input (interpreted as flat k-v pairs,
p-copy-scalar-arg	function	box	(val)	UNCLASSIFIED	UNCLASSIFIED	UNCLASSIFIED	UNCLASSIFIED	UNCLASSIFIED	UNCLASSIFIED	UNCLASSIFIED		Copy a scalar argument/default into a FRESH p-box for a signature parameter. Perl signature params are copies of @_ (like `my ($x) = @_`), so a param must be it
p-cos	function	math	(val)	UNCLASSIFIED	UNCLASSIFIED	UNCLASSIFIED	UNCLASSIFIED	UNCLASSIFIED	UNCLASSIFIED	UNCLASSIFIED		Perl cos - cosine
p-crypt	function	string	(plaintext salt)	insensitive	str	none	yes	no	no	posix		Perl crypt(PLAINTEXT, SALT): one-way hash via the system crypt(3). Dies on wide characters (codepoint > 255), like Perl. Returns undef when crypt(3) returns NUL
p-cwd	function	file-ops	nil	UNCLASSIFIED	UNCLASSIFIED	UNCLASSIFIED	UNCLASSIFIED	UNCLASSIFIED	UNCLASSIFIED	UNCLASSIFIED		Perl cwd - alias for getcwd.
p-decf	macro	compound-assignment	(place &optional (delta 1))	UNCLASSIFIED	UNCLASSIFIED	UNCLASSIFIED	UNCLASSIFIED	UNCLASSIFIED	UNCLASSIFIED	UNCLASSIFIED		Perl -= - works on boxed values, hash/array elements, and derefs. A BLESSED operand goes through p--, for the `-` overload — or, with NO delta (`$x--`), through
p-decf-raw	macro	compound-assignment	(var &rest %args)	UNCLASSIFIED	UNCLASSIFIED	UNCLASSIFIED	UNCLASSIFIED	UNCLASSIFIED	UNCLASSIFIED	UNCLASSIFIED		Perl -= - works on boxed values, hash/array elements, and derefs. A BLESSED operand goes through p--, for the `-` overload — or, with NO delta (`$x--`), through
p-declare-sub	macro	sub-definition	(name)	UNCLASSIFIED	UNCLASSIFIED	UNCLASSIFIED	UNCLASSIFIED	UNCLASSIFIED	UNCLASSIFIED	UNCLASSIFIED		
p-defcell	macro	dynamic-scope	(sym init &rest facts)	UNCLASSIFIED	UNCLASSIFIED	UNCLASSIFIED	UNCLASSIFIED	UNCLASSIFIED	UNCLASSIFIED	UNCLASSIFIED		Declare an ORDINARY package global (direction D, task #289): SYM becomes a symbol macro reading/writing its own global cell directly, and the cell is initialize
p-defined	function	box	(val)	UNCLASSIFIED	UNCLASSIFIED	UNCLASSIFIED	UNCLASSIFIED	UNCLASSIFIED	UNCLASSIFIED	UNCLASSIFIED		Perl defined() function — returns 1 or "" per Perl semantics. For CL boolean contexts use %pcl-definedp instead.
p-defined-fh	function	box	(fh-sym)	UNCLASSIFIED	UNCLASSIFIED	UNCLASSIFIED	UNCLASSIFIED	UNCLASSIFIED	UNCLASSIFIED	UNCLASSIFIED		Check if a bareword filehandle or dirhandle (symbol) is open — codegen's defined(FILEHANDLE). It resolves through p-get-stream, THE filehandle resolver, and sit
p-defpackage	macro	sub-definition	(name &rest options)	UNCLASSIFIED	UNCLASSIFIED	UNCLASSIFIED	UNCLASSIFIED	UNCLASSIFIED	UNCLASSIFIED	UNCLASSIFIED		Create/update a Perl package. Defaults to (:use :cl :pcl) when no options given. Also ensures @ISA is declared in the package (all Perl packages have @ISA).
p-delete	function	elements	(hash key)	insensitive	str	none	yes	no	no	none		Perl delete function for hashes - returns unboxed value
p-delete-array	function	elements	(arr idx)	insensitive	num	none	yes	no	no	none		Perl delete function for arrays. Sets element to nil (deleted marker) and returns the old value. Trims trailing nil slots (Perl shrinks array when last element 
p-delete-array-slice	function	slice-delete	(arr &rest indices)	UNCLASSIFIED	UNCLASSIFIED	UNCLASSIFIED	UNCLASSIFIED	UNCLASSIFIED	UNCLASSIFIED	UNCLASSIFIED		Perl delete for array slices: delete @arr[i1, i2, ...] Sets elements to nil (deleted marker), trims trailing nils, and returns old values. Empty slice returns n
p-delete-hash-slice	function	slice-delete	(hash &rest keys)	UNCLASSIFIED	UNCLASSIFIED	UNCLASSIFIED	UNCLASSIFIED	UNCLASSIFIED	UNCLASSIFIED	UNCLASSIFIED		Perl delete for hash slices: delete @hash{k1, k2, ...} Handles hash references (unboxes) and vector/list key arguments. Empty slice returns nil (undef) per [per
p-delete-kv-array-slice	function	slice-delete	(arr &rest indices)	UNCLASSIFIED	UNCLASSIFIED	UNCLASSIFIED	UNCLASSIFIED	UNCLASSIFIED	UNCLASSIFIED	UNCLASSIFIED		Perl delete for KV array slices: delete %arr[i1, i2, ...] Deletes elements at given indices and returns key-value pairs (index, value, ...). Empty slice returns
p-delete-kv-hash-slice	function	slice-delete	(hash &rest keys)	UNCLASSIFIED	UNCLASSIFIED	UNCLASSIFIED	UNCLASSIFIED	UNCLASSIFIED	UNCLASSIFIED	UNCLASSIFIED		Perl delete for KV hash slices: delete %hash{k1, k2, ...} Handles hash references (unboxes) and vector/list key arguments. Empty slice returns nil (undef) per [
p-die	function	exception	(&rest raw-args)	UNCLASSIFIED	UNCLASSIFIED	UNCLASSIFIED	UNCLASSIFIED	UNCLASSIFIED	UNCLASSIFIED	UNCLASSIFIED		Perl die - throw an exception. If given a single blessed reference, throw it as an exception object. Otherwise, concatenate args as error string. An optional (:
p-do	function	control-flow	(filename-val)	UNCLASSIFIED	UNCLASSIFIED	UNCLASSIFIED	UNCLASSIFIED	UNCLASSIFIED	UNCLASSIFIED	UNCLASSIFIED		Perl do FILE - find file in @INC, transpile and eval it. Returns undef on I/O error (file not found), clears $@. Sets $@ to error message on compilation/executi
p-do-until	macro	control-flow	(condition &body body)	UNCLASSIFIED	UNCLASSIFIED	UNCLASSIFIED	UNCLASSIFIED	UNCLASSIFIED	UNCLASSIFIED	UNCLASSIFIED		Perl post-test loop: `do BLOCK until COND` = `do BLOCK while (not COND)`.
p-do-while	macro	control-flow	(condition &body body)	UNCLASSIFIED	UNCLASSIFIED	UNCLASSIFIED	UNCLASSIFIED	UNCLASSIFIED	UNCLASSIFIED	UNCLASSIFIED		Perl post-test loop: `do BLOCK while COND` — BODY always runs at least once, the condition is tested afterwards. Per perlsyn, `do {} while/until` takes no loop-
p-double-inf	macro	numeric	(&optional negative)	insensitive	none	none	no	no	no	sbcl		Portable +Inf / -Inf double-float literal. This is the ONLY SBCL-specific symbol the transpiler emits into generated code (for overflowing float literals such a
p-dualvar	function	box	(num str)	UNCLASSIFIED	UNCLASSIFIED	UNCLASSIFIED	UNCLASSIFIED	UNCLASSIFIED	UNCLASSIFIED	UNCLASSIFIED		Perl Scalar::Util::dualvar — create a scalar with separate numeric and string values.
p-dyn-once	macro	control-flow	(form)	insensitive	none	none	no	yes	no	none		The dynamic-loop-exit frame for a LOOP-ONCE — a bare block, which perl runs as a loop that iterates once (Parser2::_lower_bare_block emits FORM). A wrapper suff
p-dynamic-typeglob	function	typeglob	(name-box)	UNCLASSIFIED	UNCLASSIFIED	UNCLASSIFIED	UNCLASSIFIED	UNCLASSIFIED	UNCLASSIFIED	UNCLASSIFIED		Rvalue *{EXPR} — return a typeglob object. EXPR is a NAME string ("Pkg::name") or a glob REFERENCE (\*{...}); a glob ref unboxes to a p-typeglob, which we retur
p-each	function	aggregate-builtin	(collection)	UNCLASSIFIED	UNCLASSIFIED	UNCLASSIFIED	UNCLASSIFIED	UNCLASSIFIED	UNCLASSIFIED	UNCLASSIFIED		Perl each function - returns next (key, value) pair from hash or (index, value) from array. Returns an empty vector when exhausted (list context) or *p-undef* (
p-endgrent	function	user-db	(&key (wantarray (eq *wantarray* t)))	UNCLASSIFIED	UNCLASSIFIED	UNCLASSIFIED	UNCLASSIFIED	UNCLASSIFIED	UNCLASSIFIED	UNCLASSIFIED		Perl endgrent() — close the group database.
p-endpwent	function	user-db	(&key (wantarray (eq *wantarray* t)))	UNCLASSIFIED	UNCLASSIFIED	UNCLASSIFIED	UNCLASSIFIED	UNCLASSIFIED	UNCLASSIFIED	UNCLASSIFIED		Perl endpwent() — close the user database.
p-ensure-arrayref	function	elements	(ref)	UNCLASSIFIED	UNCLASSIFIED	UNCLASSIFIED	UNCLASSIFIED	UNCLASSIFIED	UNCLASSIFIED	UNCLASSIFIED		Ensure ref (a p-box) contains an adjustable vector. If ref contains nil or undef, autovivify: create a vector and store it in the box. Returns the raw vector (n
p-ensure-hashref	function	elements	(ref)	UNCLASSIFIED	UNCLASSIFIED	UNCLASSIFIED	UNCLASSIFIED	UNCLASSIFIED	UNCLASSIFIED	UNCLASSIFIED		Ensure ref (a p-box) contains a hash table. If ref contains nil or undef, autovivify: create a hash table and store it in the box. Returns the raw hash table (n
p-env-get	function	env	(key)	UNCLASSIFIED	UNCLASSIFIED	UNCLASSIFIED	UNCLASSIFIED	UNCLASSIFIED	UNCLASSIFIED	UNCLASSIFIED		Get environment variable value.
p-env-set	function	env	(key value)	UNCLASSIFIED	UNCLASSIFIED	UNCLASSIFIED	UNCLASSIFIED	UNCLASSIFIED	UNCLASSIFIED	UNCLASSIFIED		Set environment variable value.
p-eof	macro	io	(&rest args)	UNCLASSIFIED	UNCLASSIFIED	UNCLASSIFIED	UNCLASSIFIED	UNCLASSIFIED	UNCLASSIFIED	UNCLASSIFIED		Perl eof - check end of file. Bareword filehandle is auto-quoted.
p-errno-string	function	magic-global	nil	UNCLASSIFIED	UNCLASSIFIED	UNCLASSIFIED	UNCLASSIFIED	UNCLASSIFIED	UNCLASSIFIED	UNCLASSIFIED	setf	Return $! as dualvar: (to-number ...) = errno, (to-string ...) = strerror. When errno=0, returns "" (falsy) to preserve Perl's !$! truthiness semantics.
p-eval	function	exception	(string &optional lex-alist features)	UNCLASSIFIED	UNCLASSIFIED	UNCLASSIFIED	UNCLASSIFIED	UNCLASSIFIED	UNCLASSIFIED	UNCLASSIFIED		Perl eval(STRING): transpile and evaluate a Perl string at runtime. LEX-ALIST carries the caller's in-scope lexicals (name . container) so the eval body can cap
p-eval-always	macro	phase	(&body body)	UNCLASSIFIED	UNCLASSIFIED	UNCLASSIFIED	UNCLASSIFIED	UNCLASSIFIED	UNCLASSIFIED	UNCLASSIFIED		
p-eval-block	macro	exception	(&body body)	UNCLASSIFIED	UNCLASSIFIED	UNCLASSIFIED	UNCLASSIFIED	UNCLASSIFIED	UNCLASSIFIED	UNCLASSIFIED		Perl eval { } - execute body catching errors. Sets $@ to error/exception on failure, empty string on success. Returns result of body on success, nil on failure.
p-eval-lex-lookup	function	exception	(name)	UNCLASSIFIED	UNCLASSIFIED	UNCLASSIFIED	UNCLASSIFIED	UNCLASSIFIED	UNCLASSIFIED	UNCLASSIFIED		Resolve a free variable NAME (e.g. "$captured") referenced inside a string eval to the container the eval body should bind it to: - the caller's in-scope lexica
p-eval-thunk	function	exception	(free-names fn &optional region-pkg)	UNCLASSIFIED	UNCLASSIFIED	UNCLASSIFIED	UNCLASSIFIED	UNCLASSIFIED	UNCLASSIFIED	UNCLASSIFIED		Apply FN (the lambda wrapping a string-eval body) to the containers for its free variables FREE-NAMES, looked up via p-eval-lex-lookup. The lambda's parameters 
p-evalbytes	function	exception	(s)	UNCLASSIFIED	UNCLASSIFIED	UNCLASSIFIED	UNCLASSIFIED	UNCLASSIFIED	UNCLASSIFIED	UNCLASSIFIED		Perl evalbytes - evaluate byte string as Perl code. PCL: delegates to eval.
p-exception	class	exception		UNCLASSIFIED	UNCLASSIFIED	UNCLASSIFIED	UNCLASSIFIED	UNCLASSIFIED	UNCLASSIFIED	UNCLASSIFIED		
p-exception-object	generic-function	exception	(condition)	UNCLASSIFIED	UNCLASSIFIED	UNCLASSIFIED	UNCLASSIFIED	UNCLASSIFIED	UNCLASSIFIED	UNCLASSIFIED		
p-exec	function	process	(&rest args)	UNCLASSIFIED	UNCLASSIFIED	UNCLASSIFIED	UNCLASSIFIED	UNCLASSIFIED	UNCLASSIFIED	UNCLASSIFIED		Perl exec LIST - replace the current process image with a new program. PCL runs the program with inherited stdio (so file descriptors set up before exec, e.g. a
p-exists	function	elements	(hash key)	insensitive	str	none	yes	no	no	none		Perl exists function — 1 or the DEFINED empty string, never undef (#1173). perl's `exists` is a boolean-valued builtin, and a false answer from a builtin is `""
p-exists-array	function	elements	(arr idx)	insensitive	num	none	yes	no	no	none		Perl exists function for arrays. Returns true only if the element is within bounds AND the slot is not a HOLE. The hole marker is NIL — `delete $a[i]` and %p-ex
p-exit	function	process	(&optional code)	UNCLASSIFIED	UNCLASSIFIED	UNCLASSIFIED	UNCLASSIFIED	UNCLASSIFIED	UNCLASSIFIED	UNCLASSIFIED		Perl exit - terminate program with exit code. exit during the COMPILE phase (inside BEGIN/UNITCHECK/CHECK) still runs the remaining UNITCHECK/CHECK blocks befor
p-exp	function	math	(val)	UNCLASSIFIED	UNCLASSIFIED	UNCLASSIFIED	UNCLASSIFIED	UNCLASSIFIED	UNCLASSIFIED	UNCLASSIFIED		Perl exp - e^x
p-fc	function	string	(str)	insensitive	str	none	no	no	no	none		Perl fc - fold case for case-insensitive comparison. Uses string-downcase as approximation (full Unicode folding would need ICU).
p-fcntl	macro	io	(fh func arg)	UNCLASSIFIED	UNCLASSIFIED	UNCLASSIFIED	UNCLASSIFIED	UNCLASSIFIED	UNCLASSIFIED	UNCLASSIFIED		Perl fcntl — bareword filehandle is auto-quoted, like fileno's.
p-fileno	macro	io	(fh)	UNCLASSIFIED	UNCLASSIFIED	UNCLASSIFIED	UNCLASSIFIED	UNCLASSIFIED	UNCLASSIFIED	UNCLASSIFIED		Perl fileno — bareword filehandle is auto-quoted.
p-find-overload	function	overload	(val op-str)	UNCLASSIFIED	UNCLASSIFIED	UNCLASSIFIED	UNCLASSIFIED	UNCLASSIFIED	UNCLASSIFIED	UNCLASSIFIED		Return the use overload handler for VAL's class and OP-STR, or NIL. Checks the class directly, then walks @ISA for inherited overloads.
p-flatten	function	aggregate-builtin	(arr)	UNCLASSIFIED	UNCLASSIFIED	UNCLASSIFIED	UNCLASSIFIED	UNCLASSIFIED	UNCLASSIFIED	UNCLASSIFIED		Mark an array for flattening in push/unshift. Called at code-gen time for @array arguments.
p-flatten-args	function	aggregate-builtin	(args)	UNCLASSIFIED	UNCLASSIFIED	UNCLASSIFIED	UNCLASSIFIED	UNCLASSIFIED	UNCLASSIFIED	UNCLASSIFIED		Build @_ from %_args, spreading raw (non-string, non-boxed) vectors and hash-tables. This implements Perl's argument flattening: foo(@arr) and foo(%hash) spread
p-flipflop	macro	range	(id left-form right-form)	UNCLASSIFIED	UNCLASSIFIED	UNCLASSIFIED	UNCLASSIFIED	UNCLASSIFIED	UNCLASSIFIED	UNCLASSIFIED		Perl .. flip-flop in scalar context (boolean operands). id: compile-time integer literal, unique per .. usage in source. left-form/right-form: lazily evaluated 
p-flipflop-3	macro	range	(id left-form right-form)	UNCLASSIFIED	UNCLASSIFIED	UNCLASSIFIED	UNCLASSIFIED	UNCLASSIFIED	UNCLASSIFIED	UNCLASSIFIED		Perl ... flip-flop in scalar context (boolean operands, no immediate right-check).
p-flipflop-dyn	macro	range	(id left-form right-form)	UNCLASSIFIED	UNCLASSIFIED	UNCLASSIFIED	UNCLASSIFIED	UNCLASSIFIED	UNCLASSIFIED	UNCLASSIFIED		Flip-flop for non-regex, non-integer operands: compare them numerically with $. Generates 'isn't numeric' warnings when operands are non-numeric strings.
p-flipflop-dyn-3	macro	range	(id left-form right-form)	UNCLASSIFIED	UNCLASSIFIED	UNCLASSIFIED	UNCLASSIFIED	UNCLASSIFIED	UNCLASSIFIED	UNCLASSIFIED		Three-dot variant of p-flipflop-dyn (no immediate right-check on first fire).
p-flipflop-num	macro	range	(id left-num right-num)	UNCLASSIFIED	UNCLASSIFIED	UNCLASSIFIED	UNCLASSIFIED	UNCLASSIFIED	UNCLASSIFIED	UNCLASSIFIED		Perl .. numeric flip-flop in scalar context. Compares current $. (line number) against integer literal operands.
p-flipflop-num-3	macro	range	(id left-num right-num)	UNCLASSIFIED	UNCLASSIFIED	UNCLASSIFIED	UNCLASSIFIED	UNCLASSIFIED	UNCLASSIFIED	UNCLASSIFIED		Perl ... numeric flip-flop (no immediate right-check on first fire).
p-for	macro	control-flow	((&optional init) (test) (&optional step) &rest body-and-keys)	UNCLASSIFIED	UNCLASSIFIED	UNCLASSIFIED	UNCLASSIFIED	UNCLASSIFIED	UNCLASSIFIED	UNCLASSIFIED		Perl C-style for loop with optional :label. Uses tagbody/go instead of loop — see p-while for rationale.
p-foreach	macro	control-flow	((var list) &rest body-and-keys)	UNCLASSIFIED	UNCLASSIFIED	UNCLASSIFIED	UNCLASSIFIED	UNCLASSIFIED	UNCLASSIFIED	UNCLASSIFIED		Perl foreach loop with optional :label, :my and :continue. Uses tagbody/go instead of loop -- see p-while for rationale. A package-global loop var is localized 
p-foreach-range	macro	control-flow	((var from to) &rest body-and-keys)	UNCLASSIFIED	UNCLASSIFIED	UNCLASSIFIED	UNCLASSIFIED	UNCLASSIFIED	UNCLASSIFIED	UNCLASSIFIED		Perl foreach over a SINGLE range (`for $v (A..B)`) — perl's own counting-loop optimization: numeric ranges iterate a counter and never materialize the range vec
p-foreach-range-raw	macro	control-flow	((var from to) &rest body-and-keys)	UNCLASSIFIED	UNCLASSIFIED	UNCLASSIFIED	UNCLASSIFIED	UNCLASSIFIED	UNCLASSIFIED	UNCLASSIFIED		p-foreach-range with a RAW loop-var binding (no per-iteration box). Emitted only when the compiler proves the body never captures/aliases the var: for a NAMED v
p-foreach-raw	macro	control-flow	((var list) &rest body-and-keys)	UNCLASSIFIED	UNCLASSIFIED	UNCLASSIFIED	UNCLASSIFIED	UNCLASSIFIED	UNCLASSIFIED	UNCLASSIFIED		p-foreach for a loop variable the compiler PROVED read-only (task #862 ARM A; VarAnnotator's `foreach_ro`, Kind-A gate `foreach-raw`). Identical to p-foreach ex
p-fork	function	process	nil	UNCLASSIFIED	UNCLASSIFIED	UNCLASSIFIED	UNCLASSIFIED	UNCLASSIFIED	UNCLASSIFIED	UNCLASSIFIED		Perl fork - duplicate the current process via fork(2) (sb-posix:fork). Returns the child PID in the parent, 0 in the child, undef on failure. Both processes con
p-funcall-ref	function	call	(ref &rest args)	UNCLASSIFIED	UNCLASSIFIED	UNCLASSIFIED	UNCLASSIFIED	UNCLASSIFIED	UNCLASSIFIED	UNCLASSIFIED		Call a code reference or a symbolic sub name (no-strict-refs semantics).
p-get-class	function	oo	(obj)	UNCLASSIFIED	UNCLASSIFIED	UNCLASSIFIED	UNCLASSIFIED	UNCLASSIFIED	UNCLASSIFIED	UNCLASSIFIED		Get the class name of a blessed object or class string
p-get-coderef	function	reference	(name-val)	UNCLASSIFIED	UNCLASSIFIED	UNCLASSIFIED	UNCLASSIFIED	UNCLASSIFIED	UNCLASSIFIED	UNCLASSIFIED		Get a CL function from a Perl function name string or existing coderef. Handles 'Pkg::name' format, converting to CL naming convention (PL- prefix). Returns NIL
p-getc	macro	io	(&rest args)	UNCLASSIFIED	UNCLASSIFIED	UNCLASSIFIED	UNCLASSIFIED	UNCLASSIFIED	UNCLASSIFIED	UNCLASSIFIED		Perl getc — bareword filehandle is auto-quoted.
p-getcwd	function	file-ops	nil	UNCLASSIFIED	UNCLASSIFIED	UNCLASSIFIED	UNCLASSIFIED	UNCLASSIFIED	UNCLASSIFIED	UNCLASSIFIED		Perl getcwd/cwd - get current working directory.
p-getgrent	function	user-db	(&key (wantarray (eq *wantarray* t)))	UNCLASSIFIED	UNCLASSIFIED	UNCLASSIFIED	UNCLASSIFIED	UNCLASSIFIED	UNCLASSIFIED	UNCLASSIFIED		Perl getgrent() — return next group entry from the group database.
p-getgrgid	function	user-db	(gid &key (wantarray (eq *wantarray* t)))	UNCLASSIFIED	UNCLASSIFIED	UNCLASSIFIED	UNCLASSIFIED	UNCLASSIFIED	UNCLASSIFIED	UNCLASSIFIED		Perl getgrgid(GID) — look up group entry by numeric GID.
p-getgrnam	function	user-db	(name &key (wantarray (eq *wantarray* t)))	UNCLASSIFIED	UNCLASSIFIED	UNCLASSIFIED	UNCLASSIFIED	UNCLASSIFIED	UNCLASSIFIED	UNCLASSIFIED		Perl getgrnam(NAME) — look up group entry by name.
p-gethash	function	elements	(hash key)	insensitive	str	none	yes	no	no	none	setf	Perl hash access. Special handling for %ENV and %INC. Returns the VALUE (unboxed if element is a box). When hash unboxes to a string, treats as symbolic referen
p-gethash-argbox	function	elements	(hash key)	UNCLASSIFIED	UNCLASSIFIED	UNCLASSIFIED	UNCLASSIFIED	UNCLASSIFIED	UNCLASSIFIED	UNCLASSIFIED		Hash element in USER-SUB ARGUMENT position (perl's @_ aliasing): the LIVE slot box when the key exists, else a lazy defelem alias — reads look the key up live a
p-gethash-box	function	elements	(hash key)	insensitive	str	none	yes	no	no	none		Get the BOX at hash key (for l-value operations like chop, ++). Creates box if needed (autovivification). Returns the box itself.
p-gethash-deref	function	elements	(ref key)	UNCLASSIFIED	UNCLASSIFIED	UNCLASSIFIED	UNCLASSIFIED	UNCLASSIFIED	UNCLASSIFIED	UNCLASSIFIED	setf	Perl hash ref access $ref->{key} - unbox the reference first. Returns undef if ref is undef (nil box); write path auto-vivifies via (setf p-gethash-deref). When
p-gethash-deref-box	function	elements	(ref key)	UNCLASSIFIED	UNCLASSIFIED	UNCLASSIFIED	UNCLASSIFIED	UNCLASSIFIED	UNCLASSIFIED	UNCLASSIFIED		Live BOX at $ref->{key} — for \$ref->{k} refgen and l-value ops, so a reference to a hashref element tracks later writes to that slot (unlike p-gethash-deref, w
p-getlogin	function	user-db	nil	UNCLASSIFIED	UNCLASSIFIED	UNCLASSIFIED	UNCLASSIFIED	UNCLASSIFIED	UNCLASSIFIED	UNCLASSIFIED		Perl getlogin — the login name of the controlling terminal's user. perl documents it as unreliable and tells you to prefer getpwuid($<); PCL takes that advice, 
p-getpeername	macro	socket	(fh)	UNCLASSIFIED	UNCLASSIFIED	UNCLASSIFIED	UNCLASSIFIED	UNCLASSIFIED	UNCLASSIFIED	UNCLASSIFIED		Perl getpeername — bareword filehandle is auto-quoted.
p-getpgrp	function	process	(&optional pid)	UNCLASSIFIED	UNCLASSIFIED	UNCLASSIFIED	UNCLASSIFIED	UNCLASSIFIED	UNCLASSIFIED	UNCLASSIFIED		Perl getpgrp PID - process group of PID (0 or omitted = current process). Returns -1 and sets $! on failure, like perl.
p-getppid	function	process	nil	UNCLASSIFIED	UNCLASSIFIED	UNCLASSIFIED	UNCLASSIFIED	UNCLASSIFIED	UNCLASSIFIED	UNCLASSIFIED		Perl getppid - parent process id.
p-getpriority	function	process	(which who)	UNCLASSIFIED	UNCLASSIFIED	UNCLASSIFIED	UNCLASSIFIED	UNCLASSIFIED	UNCLASSIFIED	UNCLASSIFIED		Perl getpriority WHICH, WHO - nice value via getpriority(2). Returns the priority (may be negative); on failure returns -1 with $! set, like perl.
p-getprotobyname	function	socket	(name)	UNCLASSIFIED	UNCLASSIFIED	UNCLASSIFIED	UNCLASSIFIED	UNCLASSIFIED	UNCLASSIFIED	UNCLASSIFIED		Perl getprotobyname(NAME) — looked up in /etc/protocols by name or alias. perl matches exactly: "TCP" hits tcp's alias, "Tcp" is a miss.
p-getprotobynumber	function	socket	(number)	UNCLASSIFIED	UNCLASSIFIED	UNCLASSIFIED	UNCLASSIFIED	UNCLASSIFIED	UNCLASSIFIED	UNCLASSIFIED		Perl getprotobynumber(NUM) — the first /etc/protocols line carrying NUM.
p-getpwent	function	user-db	(&key (wantarray (eq *wantarray* t)))	UNCLASSIFIED	UNCLASSIFIED	UNCLASSIFIED	UNCLASSIFIED	UNCLASSIFIED	UNCLASSIFIED	UNCLASSIFIED		Perl getpwent() — return next passwd entry from the user database.
p-getpwnam	function	user-db	(name &key (wantarray (eq *wantarray* t)))	UNCLASSIFIED	UNCLASSIFIED	UNCLASSIFIED	UNCLASSIFIED	UNCLASSIFIED	UNCLASSIFIED	UNCLASSIFIED		Perl getpwnam(NAME) — look up passwd entry by user name.
p-getpwuid	function	user-db	(uid &key (wantarray (eq *wantarray* t)))	UNCLASSIFIED	UNCLASSIFIED	UNCLASSIFIED	UNCLASSIFIED	UNCLASSIFIED	UNCLASSIFIED	UNCLASSIFIED		Perl getpwuid(UID) — look up passwd entry by numeric UID.
p-getsockname	macro	socket	(fh)	UNCLASSIFIED	UNCLASSIFIED	UNCLASSIFIED	UNCLASSIFIED	UNCLASSIFIED	UNCLASSIFIED	UNCLASSIFIED		Perl getsockname — bareword filehandle is auto-quoted.
p-getsockopt	macro	socket	(fh level optname)	UNCLASSIFIED	UNCLASSIFIED	UNCLASSIFIED	UNCLASSIFIED	UNCLASSIFIED	UNCLASSIFIED	UNCLASSIFIED		Perl getsockopt — bareword filehandle is auto-quoted.
p-glob	function	file-ops	(&optional pattern)	UNCLASSIFIED	UNCLASSIFIED	UNCLASSIFIED	UNCLASSIFIED	UNCLASSIFIED	UNCLASSIFIED	UNCLASSIFIED		Perl glob / <*.txt> - expand file glob pattern. In list context: EVERY call returns all matches (perl: a list-context glob is never stateful; the s440 fix -- `g
p-glob-assign	function	typeglob	(pkg-str name-str rhs)	UNCLASSIFIED	UNCLASSIFIED	UNCLASSIFIED	UNCLASSIFIED	UNCLASSIFIED	UNCLASSIFIED	UNCLASSIFIED		Assign RHS to the appropriate slot of typeglob *pkg::name (by name strings).
p-glob-assign-dynamic	function	typeglob	(name-box rhs)	UNCLASSIFIED	UNCLASSIFIED	UNCLASSIFIED	UNCLASSIFIED	UNCLASSIFIED	UNCLASSIFIED	UNCLASSIFIED		Dynamic typeglob assignment: *{EXPR} = val. EXPR is either a NAME string or a glob REFERENCE; %p-glob-dynamic-target owns that distinction, and assigning straig
p-glob-copy	function	typeglob	(dst-pkg dst-uname src-glob)	UNCLASSIFIED	UNCLASSIFIED	UNCLASSIFIED	UNCLASSIFIED	UNCLASSIFIED	UNCLASSIFIED	UNCLASSIFIED		`*DST = *SRC` — REPLACE dst's glob with src's, slot for slot (task #602). Every slot is copied when the source has it and emptied when it does not; the per-slot
p-glob-slot	function	typeglob	(glob slot)	UNCLASSIFIED	UNCLASSIFIED	UNCLASSIFIED	UNCLASSIFIED	UNCLASSIFIED	UNCLASSIFIED	UNCLASSIFIED		Read *foo{SLOT}.
p-glob-undef	function	typeglob	(pkg uname)	UNCLASSIFIED	UNCLASSIFIED	UNCLASSIFIED	UNCLASSIFIED	UNCLASSIFIED	UNCLASSIFIED	UNCLASSIFIED		`undef *foo` — clear EVERY slot of the glob: the same clearing `*A = *B` applies to the slots the source lacks (#602's rule, ONE reading — the %p-glob-clear-* h
p-gmtime	function	time	(&optional time)	UNCLASSIFIED	UNCLASSIFIED	UNCLASSIFIED	UNCLASSIFIED	UNCLASSIFIED	UNCLASSIFIED	UNCLASSIFIED		Perl gmtime - convert time to UTC components. Same return format as localtime but in UTC. Warns and returns undef for out-of-range timestamps.
p-goto-computed	macro	control-flow	(expr)	UNCLASSIFIED	UNCLASSIFIED	UNCLASSIFIED	UNCLASSIFIED	UNCLASSIFIED	UNCLASSIFIED	UNCLASSIFIED		Perl `goto EXPR` — the shape codegen emits when the operand is neither `&NAME` nor a bare label: `goto \&NAME`, `goto $coderef`, `goto $h->{cb}`. All of those a
p-goto-sub	macro	control-flow	(fn)	UNCLASSIFIED	UNCLASSIFIED	UNCLASSIFIED	UNCLASSIFIED	UNCLASSIFIED	UNCLASSIFIED	UNCLASSIFIED		Perl goto &func — tail-call the target function with the current @_. Replaces the current frame by throwing :p-return with the result. @_ must be the CL variabl
p-grep	function	aggregate-builtin	(fn &rest items)	UNCLASSIFIED	UNCLASSIFIED	UNCLASSIFIED	UNCLASSIFIED	UNCLASSIFIED	UNCLASSIFIED	UNCLASSIFIED		Perl grep - fn receives item as $_ parameter. Accepts (fn @array) or (fn elem1 elem2 ...) or mixed.
p-hash	function	aggregate-builtin	(&rest pairs)	UNCLASSIFIED	UNCLASSIFIED	UNCLASSIFIED	UNCLASSIFIED	UNCLASSIFIED	UNCLASSIFIED	UNCLASSIFIED		Create a Perl hash from key-value pairs. Stores values in boxes for l-value semantics. Flattens vectors (e.g. from %arr[...] kv-slice) and hash-tables (e.g. fro
p-hash-=	macro	assignment	(place value)	UNCLASSIFIED	UNCLASSIFIED	UNCLASSIFIED	UNCLASSIFIED	UNCLASSIFIED	UNCLASSIFIED	UNCLASSIFIED		Assign to a hash variable (%hash). Clears and repopulates from value. Returns: list ctx → flattened hash contents; scalar/void → input element count.
p-hash-deref-=	function	assignment	(hash-ref value)	UNCLASSIFIED	UNCLASSIFIED	UNCLASSIFIED	UNCLASSIFIED	UNCLASSIFIED	UNCLASSIFIED	UNCLASSIFIED		Assign to a dereferenced hash: %$ref = (list). hash-ref is the box containing the hash reference. Gets or auto-vivifies the hash, then clears and repopulates it
p-hash-fill	function	assignment	(place value)	UNCLASSIFIED	UNCLASSIFIED	UNCLASSIFIED	UNCLASSIFIED	UNCLASSIFIED	UNCLASSIFIED	UNCLASSIFIED		Clear hash PLACE and repopulate it from VALUE (flattened to k-v pairs; an odd trailing key gets an undef value). Returns the number of input elements (the scala
p-hex	function	string	(str)	UNCLASSIFIED	UNCLASSIFIED	UNCLASSIFIED	UNCLASSIFIED	UNCLASSIFIED	UNCLASSIFIED	UNCLASSIFIED		Perl hex - convert hex string to number. Accepts: '0xCAFE', '0XCAFE', 'xCAFE', 'XCAFE', 'CAFE', 'ca_fe'
p-high-capture	function	capture-io	(n)	UNCLASSIFIED	UNCLASSIFIED	UNCLASSIFIED	UNCLASSIFIED	UNCLASSIFIED	UNCLASSIFIED	UNCLASSIFIED		$N for an N above the pre-declared capture specials (task #851). $1..$20 are defvars — one special per group, which is what makes a capture read a variable read
p-hslice	function	elements	(hash &rest keys)	insensitive	str	none	yes	no	no	none		Perl hash slice @hash{keys} - returns a vector of the hash's own value slots as ALIASES (%p-alias-helem, the #818 sibling of p-aslice). Handles individual keys,
p-if	macro	control-flow	(condition then-form &optional else-form)	UNCLASSIFIED	UNCLASSIFIED	UNCLASSIFIED	UNCLASSIFIED	UNCLASSIFIED	UNCLASSIFIED	UNCLASSIFIED		Perl if/unless and ternary
p-incf	macro	compound-assignment	(place &optional (delta 1))	UNCLASSIFIED	UNCLASSIFIED	UNCLASSIFIED	UNCLASSIFIED	UNCLASSIFIED	UNCLASSIFIED	UNCLASSIFIED		Perl += - works on boxed values, hash/array elements, and derefs. Coerce the current value through to-number BEFORE adding: an absent key/slot reads as *p-undef
p-incf-raw	macro	compound-assignment	(var &rest %args)	UNCLASSIFIED	UNCLASSIFIED	UNCLASSIFIED	UNCLASSIFIED	UNCLASSIFIED	UNCLASSIFIED	UNCLASSIFIED		Perl += - works on boxed values, hash/array elements, and derefs. Coerce the current value through to-number BEFORE adding: an absent key/slot reads as *p-undef
p-index	function	string	(str substr &optional start)	insensitive	str,num	none	no	no	no	none		Perl index - find substring. Negative start position is treated as 0. For empty substring, start is clamped to string length. For non-empty substring, start bey
p-install-data-handle	function	io	(handle text)	insensitive	none	none	no	no	no	none		Register a file's `__DATA__` / `__END__` section as its DATA filehandle, TEXT being the section verbatim. The emitter used to write the pieces of this out — `(s
p-int	function	numeric	(val)	insensitive	num	none	no	no	no	none		Perl int - truncate toward zero. NaN and Inf return unchanged (Perl 5.36+).
p-isa	function	introspection	(invocant class-name)	UNCLASSIFIED	UNCLASSIFIED	UNCLASSIFIED	UNCLASSIFIED	UNCLASSIFIED	UNCLASSIFIED	UNCLASSIFIED		Perl isa() - check if object is-a class. Uses C3 MRO to check inheritance chain. Returns t if invocant is-a class-name, nil otherwise.
p-isweak	function	reference	(ref)	UNCLASSIFIED	UNCLASSIFIED	UNCLASSIFIED	UNCLASSIFIED	UNCLASSIFIED	UNCLASSIFIED	UNCLASSIFIED		Scalar::Util::isweak / builtin::isweak — always false in PCL.
p-join	function	string	(sep &rest items)	insensitive	str	none	no	no	no	none		Perl join(SEP, LIST) - joins elements with separator. Handles both (join SEP @array) and (join SEP elem1 elem2 ...). Arrays/vectors and hashes in the argument l
p-keys	function	aggregate-builtin	(collection)	UNCLASSIFIED	UNCLASSIFIED	UNCLASSIFIED	UNCLASSIFIED	UNCLASSIFIED	UNCLASSIFIED	UNCLASSIFIED		Perl keys function - also resets the each() iterator
p-kill	function	process	(signal &rest pids)	UNCLASSIFIED	UNCLASSIFIED	UNCLASSIFIED	UNCLASSIFIED	UNCLASSIFIED	UNCLASSIFIED	UNCLASSIFIED		Perl kill SIGNAL, LIST - send SIGNAL to each PID. SIGNAL may be a number or a name ("TERM", "SIGKILL", "KILL", ...). Returns the count of processes successfully
p-kv-aslice	function	elements	(arr &rest indices)	insensitive	num	none	yes	no	no	none		Perl KV array slice %arr[indices] - returns vector of (index, value) pairs. Handles individual indices, lists, and vectors (e.g. from range operator). Repeated 
p-kv-hslice	function	elements	(hash &rest keys)	insensitive	str	none	yes	no	no	none		Perl KV hash slice %hash{keys} - returns vector of key-value pairs. Handles individual keys, lists, and vectors (from range operator). Strings are vectors in CL
p-last	macro	control-flow	(&optional label)	UNCLASSIFIED	UNCLASSIFIED	UNCLASSIFIED	UNCLASSIFIED	UNCLASSIFIED	UNCLASSIFIED	UNCLASSIFIED		Perl last (break) - optionally with label to exit specific loop. Labeled form uses throw so it works across function calls (like p-next/p-redo).
p-last-dynamic	function	control-flow	(label-name)	UNCLASSIFIED	UNCLASSIFIED	UNCLASSIFIED	UNCLASSIFIED	UNCLASSIFIED	UNCLASSIFIED	UNCLASSIFIED		Dynamic (cross-function) labeled last: throws to LAST-<LABEL> catch tag. Used e.g. by p-skip to implement Test::More's skip() which calls (last SKIP).
p-lc	function	string	(str)	insensitive	str	none	no	no	no	none		Perl lc - lowercase
p-lcfirst	function	string	(str)	insensitive	str	none	no	no	no	none		Perl lcfirst - lowercase first character
p-length	function	string	(val)	insensitive	str	none	no	no	no	none		Perl length function - returns undef for undef input. Stringifies via to-string on the original (boxed) value so that a blessed object's overloaded '' handler f
p-let	macro	declaration	(bindings &body body)	UNCLASSIFIED	UNCLASSIFIED	UNCLASSIFIED	UNCLASSIFIED	UNCLASSIFIED	UNCLASSIFIED	UNCLASSIFIED		THE DECLARATION FORM of a perl `my' (task #1035, s466; docs/ir-spec.md §2b.2a): (p-let ((NAME CLASS INIT . FACTS) ...) BODY...) binds each NAME to INIT exactly 
p-link	function	file-ops	(old new)	UNCLASSIFIED	UNCLASSIFIED	UNCLASSIFIED	UNCLASSIFIED	UNCLASSIFIED	UNCLASSIFIED	UNCLASSIFIED		Perl link OLD, NEW — create a hard link. Returns 1 on success, '' on failure.
p-list-=	macro	assignment	(place value)	UNCLASSIFIED	UNCLASSIFIED	UNCLASSIFIED	UNCLASSIFIED	UNCLASSIFIED	UNCLASSIFIED	UNCLASSIFIED		List destructuring assignment: (p-list-= (vector $a $b) expr). Each LHS element gets assigned from corresponding RHS position. Handles undef skip markers, array
p-list-ctx	macro	context-frame	(&body body)	UNCLASSIFIED	UNCLASSIFIED	UNCLASSIFIED	UNCLASSIFIED	UNCLASSIFIED	UNCLASSIFIED	UNCLASSIFIED		Evaluate BODY in Perl LIST context.
p-list-scalar	function	elements	(val)	UNCLASSIFIED	UNCLASSIFIED	UNCLASSIFIED	UNCLASSIFIED	UNCLASSIFIED	UNCLASSIFIED	UNCLASSIFIED		A list/slice evaluated in scalar context yields its LAST element (undef if empty) — the comma-operator semantics. This differs from an array variable in scalar 
p-list-x	function	aggregate-builtin	(list-val count)	UNCLASSIFIED	UNCLASSIFIED	UNCLASSIFIED	UNCLASSIFIED	UNCLASSIFIED	UNCLASSIFIED	UNCLASSIFIED		Perl list repetition operator (x) for parenthesized expressions. Repeats the list N times: (1,2,3) x 2 -> (1,2,3,1,2,3). Flattens nested arrays: (@x) x 2 where 
p-listen	macro	socket	(fh queue)	UNCLASSIFIED	UNCLASSIFIED	UNCLASSIFIED	UNCLASSIFIED	UNCLASSIFIED	UNCLASSIFIED	UNCLASSIFIED		Perl listen — bareword filehandle is auto-quoted.
p-literal-string	function	string	(&rest parts)	insensitive	none	none	no	no	no	none		A STRING LITERAL the emitted CL source cannot hold verbatim. Each part is either a PIECE of the string, or a CODE POINT as an INTEGER — a surrogate (U+D800-DFFF
p-load-extension	function	extension	(name)	UNCLASSIFIED	UNCLASSIFIED	UNCLASSIFIED	UNCLASSIFIED	UNCLASSIFIED	UNCLASSIFIED	UNCLASSIFIED		
p-local-array-elem	macro	dynamic-scope	(arr-var idx-form &body body)	UNCLASSIFIED	UNCLASSIFIED	UNCLASSIFIED	UNCLASSIFIED	UNCLASSIFIED	UNCLASSIFIED	UNCLASSIFIED		Save/restore one array element. Like Perl's local $arr[N]. For existing elements: installs a fresh undef box (isolates body from saved box). For non-existing el
p-local-array-elem-init	macro	dynamic-scope	(arr-var idx-form init-form &body body)	UNCLASSIFIED	UNCLASSIFIED	UNCLASSIFIED	UNCLASSIFIED	UNCLASSIFIED	UNCLASSIFIED	UNCLASSIFIED		Like p-local-array-elem but evaluates init-form BEFORE installing fresh box. Used for local($a[N]) = EXPR where EXPR might read the same element.
p-local-array-slice	macro	dynamic-scope	(arr-var idx-form &body body)	UNCLASSIFIED	UNCLASSIFIED	UNCLASSIFIED	UNCLASSIFIED	UNCLASSIFIED	UNCLASSIFIED	UNCLASSIFIED		Localize array elements by index or range. idx-form may be a scalar index or a non-string vector (the result of a p-.. range, or an explicit key list). The vect
p-local-cell	macro	dynamic-scope	(sym init &body body)	UNCLASSIFIED	UNCLASSIFIED	UNCLASSIFIED	UNCLASSIFIED	UNCLASSIFIED	UNCLASSIFIED	UNCLASSIFIED		Direction-D `local` on a SYMBOL-MACRO GLOBAL (task #289, plan docs/direction-d-plan.md): save the cell, install INIT (the emitter passes the same p-box-for-loca
p-local-cell-if	macro	dynamic-scope	(cond-form sym init &body body)	UNCLASSIFIED	UNCLASSIFIED	UNCLASSIFIED	UNCLASSIFIED	UNCLASSIFIED	UNCLASSIFIED	UNCLASSIFIED		p-local-cell whose save/install/restore happen only when COND-FORM holds — the lowering of `local $ORDINARY-GLOBAL if COND` (task #541). COND-FORM is already a 
p-local-deref-array	macro	dynamic-scope	(ref-form &body body)	UNCLASSIFIED	UNCLASSIFIED	UNCLASSIFIED	UNCLASSIFIED	UNCLASSIFIED	UNCLASSIFIED	UNCLASSIFIED		local @{EXPR} / local @$ref — save/restore a symbolic-ref'd package array.
p-local-deref-hash	macro	dynamic-scope	(ref-form &body body)	UNCLASSIFIED	UNCLASSIFIED	UNCLASSIFIED	UNCLASSIFIED	UNCLASSIFIED	UNCLASSIFIED	UNCLASSIFIED		local %{EXPR} / local %$ref — save/restore a symbolic-ref'd package hash.
p-local-deref-scalar	macro	dynamic-scope	(ref-form &body body)	UNCLASSIFIED	UNCLASSIFIED	UNCLASSIFIED	UNCLASSIFIED	UNCLASSIFIED	UNCLASSIFIED	UNCLASSIFIED		local ${EXPR} / local $$ref — save/restore a symbolic-ref'd package scalar. Mutates the box in place (the symbol is only known at run time), so caches must be i
p-local-dot	macro	dynamic-scope	(&body body)	UNCLASSIFIED	UNCLASSIFIED	UNCLASSIFIED	UNCLASSIFIED	UNCLASSIFIED	UNCLASSIFIED	UNCLASSIFIED		Localize $. (Perl `local $.`). Perl localizes only the *current filehandle* that $. refers to (PL_last_in_gv), not the per-handle line counter: on scope exit th
p-local-glob	macro	dynamic-scope	(pkg-str name-str &body body)	UNCLASSIFIED	UNCLASSIFIED	UNCLASSIFIED	UNCLASSIFIED	UNCLASSIFIED	UNCLASSIFIED	UNCLASSIFIED		Save all slots of *pkg::name, clear them (Perl local *foo = fresh glob), execute body, restore on exit.
p-local-glob-dynamic	macro	dynamic-scope	(name-form cond-form rhs-form &body body)	UNCLASSIFIED	UNCLASSIFIED	UNCLASSIFIED	UNCLASSIFIED	UNCLASSIFIED	UNCLASSIFIED	UNCLASSIFIED		`local *{EXPR}` and `local *{EXPR} = RHS` — the typeglob is NAMED AT RUN TIME (task #564). p-local-glob / p-local-glob-if are the static-name twins, and the onl
p-local-glob-if	macro	dynamic-scope	(cond-form pkg-str name-str rhs-form &body body)	UNCLASSIFIED	UNCLASSIFIED	UNCLASSIFIED	UNCLASSIFIED	UNCLASSIFIED	UNCLASSIFIED	UNCLASSIFIED		The deprecated conditional-local idiom `local *foo = RHS if COND` (e.g. Text::ParseWords::old_shellwords: `local *_ = \join('',@_) if @_`). Perl does NOT locali
p-local-hash-elem	macro	dynamic-scope	(hash-var key-form &body body)	UNCLASSIFIED	UNCLASSIFIED	UNCLASSIFIED	UNCLASSIFIED	UNCLASSIFIED	UNCLASSIFIED	UNCLASSIFIED		Save/restore one hash entry. Like Perl's local $hash{key}. Handles %ENV (environment variables) specially.
p-local-hash-elem-init	macro	dynamic-scope	(hash-var key-form init-form &body body)	UNCLASSIFIED	UNCLASSIFIED	UNCLASSIFIED	UNCLASSIFIED	UNCLASSIFIED	UNCLASSIFIED	UNCLASSIFIED		Like p-local-hash-elem but evaluates init-form BEFORE installing fresh box. Handles %ENV (environment variables) specially. Used for local($h{key}) = EXPR where
p-local-maybe	macro	dynamic-scope	(cond-form localizer &body body)	UNCLASSIFIED	UNCLASSIFIED	UNCLASSIFIED	UNCLASSIFIED	UNCLASSIFIED	UNCLASSIFIED	UNCLASSIFIED		Run BODY inside LOCALIZER when COND-FORM holds, and BARE otherwise — the lowering of `local TARGET if COND` for every target whose localizer establishes no LEXI
p-local-pipe	macro	dynamic-scope	(&body body)	UNCLASSIFIED	UNCLASSIFIED	UNCLASSIFIED	UNCLASSIFIED	UNCLASSIFIED	UNCLASSIFIED	UNCLASSIFIED		Localize $| (Perl `local $|`) for the handle selected at entry: local's undef clamps to 0 inside, and the previous flag comes back on exit — including on a non-
p-localtime	function	time	(&optional time)	UNCLASSIFIED	UNCLASSIFIED	UNCLASSIFIED	UNCLASSIFIED	UNCLASSIFIED	UNCLASSIFIED	UNCLASSIFIED		Perl localtime - convert time to local time components. In list context returns (sec min hour mday mon year wday yday isdst). Note: mon is 0-11, year is years s
p-lock	function	io	(x)	UNCLASSIFIED	UNCLASSIFIED	UNCLASSIFIED	UNCLASSIFIED	UNCLASSIFIED	UNCLASSIFIED	UNCLASSIFIED		Perl lock: a no-op returning its argument on an unthreaded perl (which this is — 'This Perl not built to support threads').
p-log	function	math	(val)	UNCLASSIFIED	UNCLASSIFIED	UNCLASSIFIED	UNCLASSIFIED	UNCLASSIFIED	UNCLASSIFIED	UNCLASSIFIED		Perl log - natural logarithm
p-lstat	macro	file-ops	(arg)	UNCLASSIFIED	UNCLASSIFIED	UNCLASSIFIED	UNCLASSIFIED	UNCLASSIFIED	UNCLASSIFIED	UNCLASSIFIED		Perl p-lstat — a bareword filehandle in the operand slot is a NAME, not a variable (#1032). Body: %p-lstat-impl.
p-make-typeglob	function	typeglob	(pkg-str name-str)	UNCLASSIFIED	UNCLASSIFIED	UNCLASSIFIED	UNCLASSIFIED	UNCLASSIFIED	UNCLASSIFIED	UNCLASSIFIED		Create a typeglob object for *Pkg::Name.
p-map	function	aggregate-builtin	(fn &rest items)	UNCLASSIFIED	UNCLASSIFIED	UNCLASSIFIED	UNCLASSIFIED	UNCLASSIFIED	UNCLASSIFIED	UNCLASSIFIED		Perl map - fn receives item as $_ parameter. Runs block in list context; flattens per-iteration vectors into result. Accepts (fn @array) or (fn elem1 elem2 ...)
p-method-call	function	oo	(obj method &rest args)	UNCLASSIFIED	UNCLASSIFIED	UNCLASSIFIED	UNCLASSIFIED	UNCLASSIFIED	UNCLASSIFIED	UNCLASSIFIED		Perl method call - looks up p-METHOD function in object's package and walks MRO for inheritance
p-mkdir	function	file-ops	(dir &optional mode)	UNCLASSIFIED	UNCLASSIFIED	UNCLASSIFIED	UNCLASSIFIED	UNCLASSIFIED	UNCLASSIFIED	UNCLASSIFIED		Perl mkdir - create directory. Returns true on success, sets $! on failure.
p-my-=	macro	assignment	(place value)	UNCLASSIFIED	UNCLASSIFIED	UNCLASSIFIED	UNCLASSIFIED	UNCLASSIFIED	UNCLASSIFIED	UNCLASSIFIED		Assign to a lexically-bound 'my' variable. Unlike p-scalar-=, does not auto-declare the variable as special — the enclosing let binding (emitted by _with_declar
p-next	macro	control-flow	(&optional label)	UNCLASSIFIED	UNCLASSIFIED	UNCLASSIFIED	UNCLASSIFIED	UNCLASSIFIED	UNCLASSIFIED	UNCLASSIFIED		Perl next (continue) - optionally with label to continue specific loop
p-not	function	logical	(a)	UNCLASSIFIED	UNCLASSIFIED	UNCLASSIFIED	UNCLASSIFIED	UNCLASSIFIED	UNCLASSIFIED	UNCLASSIFIED		Perl logical NOT (low precedence) — perl's `not', which is `!' with a different precedence and the SAME overload key.
p-note-inc	function	module-system	(module-name)	UNCLASSIFIED	UNCLASSIFIED	UNCLASSIFIED	UNCLASSIFIED	UNCLASSIFIED	UNCLASSIFIED	UNCLASSIFIED		%INC entry for MODULE-NAME (`strict`, `Test::More`) — the module-name face of %p-note-inc-path. Emitted by codegen for the `use`/`no`/`require` of a pragma, whi
p-oct	function	string	(str)	UNCLASSIFIED	UNCLASSIFIED	UNCLASSIFIED	UNCLASSIFIED	UNCLASSIFIED	UNCLASSIFIED	UNCLASSIFIED		Perl oct - convert octal/hex/binary string to number. Recognizes prefixes: 0x/0X (hex), 0b/0B (binary), 0o/0O (octal), 0 (octal). Also handles bare x/X, b/B, o/
p-open	macro	io	(fh mode &optional filename)	UNCLASSIFIED	UNCLASSIFIED	UNCLASSIFIED	UNCLASSIFIED	UNCLASSIFIED	UNCLASSIFIED	UNCLASSIFIED		Perl open - open file with given mode. 2-arg: (p-open FH expr) - mode is parsed from expr 3-arg: (p-open FH mode filename) Bareword FH is quoted; lexical $fh is
p-opendir	macro	directory-io	(dh &rest args)	UNCLASSIFIED	UNCLASSIFIED	UNCLASSIFIED	UNCLASSIFIED	UNCLASSIFIED	UNCLASSIFIED	UNCLASSIFIED		Perl opendir — bareword dirhandle is auto-quoted.
p-or	macro	logical	(a b)	UNCLASSIFIED	UNCLASSIFIED	UNCLASSIFIED	UNCLASSIFIED	UNCLASSIFIED	UNCLASSIFIED	UNCLASSIFIED		Perl 'or' operator
p-or-assign	macro	compound-assignment	(place value)	UNCLASSIFIED	UNCLASSIFIED	UNCLASSIFIED	UNCLASSIFIED	UNCLASSIFIED	UNCLASSIFIED	UNCLASSIFIED		Perl ||= (or-assign) - assigns value only if place is false.
p-ord	function	string	(str)	insensitive	str	none	no	no	no	none		Perl ord - code point of first character
p-overload-strval	function	overload	(obj)	UNCLASSIFIED	UNCLASSIFIED	UNCLASSIFIED	UNCLASSIFIED	UNCLASSIFIED	UNCLASSIFIED	UNCLASSIFIED		Return the non-overloaded string value of OBJ (the raw address form). Implements overload::StrVal($obj) — bypasses any '""' overload.
p-overloaded	function	overload	(obj)	UNCLASSIFIED	UNCLASSIFIED	UNCLASSIFIED	UNCLASSIFIED	UNCLASSIFIED	UNCLASSIFIED	UNCLASSIFIED		Return true (1) if OBJ has any use overload handlers registered, else undef. Implements overload::Overloaded($obj).
p-pack	function	pack	(&rest args)	UNCLASSIFIED	UNCLASSIFIED	UNCLASSIFIED	UNCLASSIFIED	UNCLASSIFIED	UNCLASSIFIED	UNCLASSIFIED		
p-pipe	macro	io	(read-fh write-fh)	UNCLASSIFIED	UNCLASSIFIED	UNCLASSIFIED	UNCLASSIFIED	UNCLASSIFIED	UNCLASSIFIED	UNCLASSIFIED		Perl pipe - bareword filehandles are auto-quoted; lexical $fh passed as box.
p-pop	function	aggregate-builtin	(arr)	UNCLASSIFIED	UNCLASSIFIED	UNCLASSIFIED	UNCLASSIFIED	UNCLASSIFIED	UNCLASSIFIED	UNCLASSIFIED		Perl pop - removes from end, returns the element as-is (preserving references).
p-pos	function	misc-builtin	(var &optional new-pos)	UNCLASSIFIED	UNCLASSIFIED	UNCLASSIFIED	UNCLASSIFIED	UNCLASSIFIED	UNCLASSIFIED	UNCLASSIFIED		Perl pos - get/set match position for /g regex. With one arg, returns current position (or nil). With two args, sets position and returns new-pos.
p-pos-lvalue-cell	function	reference	(var)	UNCLASSIFIED	UNCLASSIFIED	UNCLASSIFIED	UNCLASSIFIED	UNCLASSIFIED	UNCLASSIFIED	UNCLASSIFIED		Bare magic-cell box for a pos() lvalue (no \-ref wrapper). See p-substr-lvalue-cell.
p-pos-ref	function	reference	(var)	UNCLASSIFIED	UNCLASSIFIED	UNCLASSIFIED	UNCLASSIFIED	UNCLASSIFIED	UNCLASSIFIED	UNCLASSIFIED		Perl \pos(VAR) — a live reference to VAR's /g match-position magic. Reading returns the current pos (or undef); writing sets it. VAR must be a box.
p-post++	macro	increment	(place)	UNCLASSIFIED	UNCLASSIFIED	UNCLASSIFIED	UNCLASSIFIED	UNCLASSIFIED	UNCLASSIFIED	UNCLASSIFIED		Perl postfix ++ - returns old value. Supports magical string increment for alphanumeric strings.
p-post--	macro	increment	(place)	UNCLASSIFIED	UNCLASSIFIED	UNCLASSIFIED	UNCLASSIFIED	UNCLASSIFIED	UNCLASSIFIED	UNCLASSIFIED		Perl postfix -- - returns old value
p-pre++	macro	increment	(place)	UNCLASSIFIED	UNCLASSIFIED	UNCLASSIFIED	UNCLASSIFIED	UNCLASSIFIED	UNCLASSIFIED	UNCLASSIFIED		Perl prefix ++ - works on boxed values, hash/array elements, and derefs. Supports magical string increment for alphanumeric strings.
p-pre--	macro	increment	(place)	UNCLASSIFIED	UNCLASSIFIED	UNCLASSIFIED	UNCLASSIFIED	UNCLASSIFIED	UNCLASSIFIED	UNCLASSIFIED		Perl prefix -- - works on boxed values, hash/array elements, and derefs
p-print	function	io	(&rest args)	UNCLASSIFIED	UNCLASSIFIED	UNCLASSIFIED	UNCLASSIFIED	UNCLASSIFIED	UNCLASSIFIED	UNCLASSIFIED		Perl print - prints args then appends $\ (output record separator)
p-printf	function	io	(&rest args)	UNCLASSIFIED	UNCLASSIFIED	UNCLASSIFIED	UNCLASSIFIED	UNCLASSIFIED	UNCLASSIFIED	UNCLASSIFIED		Perl printf - formatted print (with optional filehandle)
p-prototype	function	introspection	(&optional ref)	UNCLASSIFIED	UNCLASSIFIED	UNCLASSIFIED	UNCLASSIFIED	UNCLASSIFIED	UNCLASSIFIED	UNCLASSIFIED		Perl prototype() - returns the prototype string of a function, or undef. Only prototypes declared via the :prototype(...) attribute (or Sub::Util::set_prototype
p-push	macro	aggregate-builtin	(arr &rest items)	UNCLASSIFIED	UNCLASSIFIED	UNCLASSIFIED	UNCLASSIFIED	UNCLASSIFIED	UNCLASSIFIED	UNCLASSIFIED		Perl push - adds to end of array, auto-declares if needed
p-qr	function	compiled-regex	(pattern-string)	UNCLASSIFIED	UNCLASSIFIED	UNCLASSIFIED	UNCLASSIFIED	UNCLASSIFIED	UNCLASSIFIED	UNCLASSIFIED		Parse qr/pattern/modifiers and return a compiled regex (regex-match struct). Pattern-string is like 'qr/foo/i' or 'qr{pattern}i'
p-quotemeta	function	string	(str)	insensitive	str	none	no	no	no	none		Perl quotemeta - escape non-word characters. For ASCII (code < 128): escape unless [A-Za-z0-9_]. For non-ASCII (code >= 128): escape unless Unicode alphanumeric
p-rand	function	math	(&optional max)	UNCLASSIFIED	UNCLASSIFIED	UNCLASSIFIED	UNCLASSIFIED	UNCLASSIFIED	UNCLASSIFIED	UNCLASSIFIED		Perl rand - random number in [0, EXPR). perlfunc: "If EXPR is omitted or zero, uses 1" — a supplied 0 is NOT a zero range (op/rand.t t260 'rand() without args i
p-raw-params	macro	declaration	((&rest params) &body body)	UNCLASSIFIED	UNCLASSIFIED	UNCLASSIFIED	UNCLASSIFIED	UNCLASSIFIED	UNCLASSIFIED	UNCLASSIFIED		Signature fast path for `sub f { my ($a,$b) = @_; … }` whose body provably never observes @_ again: bind PARAMS raw (unboxed, no p-list-= / no boxes) positional
p-read	macro	io	(fh &rest args)	UNCLASSIFIED	UNCLASSIFIED	UNCLASSIFIED	UNCLASSIFIED	UNCLASSIFIED	UNCLASSIFIED	UNCLASSIFIED		Perl read — bareword filehandle is auto-quoted.
p-readdir	macro	directory-io	(dh)	UNCLASSIFIED	UNCLASSIFIED	UNCLASSIFIED	UNCLASSIFIED	UNCLASSIFIED	UNCLASSIFIED	UNCLASSIFIED		Perl readdir — bareword dirhandle is auto-quoted.
p-readline	macro	io	(&rest args)	UNCLASSIFIED	UNCLASSIFIED	UNCLASSIFIED	UNCLASSIFIED	UNCLASSIFIED	UNCLASSIFIED	UNCLASSIFIED		Perl readline / <FH> — in list context reads all records; in scalar reads one. When *p-in-list-assign-rhs* is t (inside p-list-= RHS), always use scalar mode so
p-readlink	function	file-ops	(path)	UNCLASSIFIED	UNCLASSIFIED	UNCLASSIFIED	UNCLASSIFIED	UNCLASSIFIED	UNCLASSIFIED	UNCLASSIFIED		Perl readlink EXPR — return the target of a symbolic link (undef on failure). EXPR defaults to $_ (the codegen supplies it for the no-arg form).
p-recv	macro	socket	(fh buf len flags)	UNCLASSIFIED	UNCLASSIFIED	UNCLASSIFIED	UNCLASSIFIED	UNCLASSIFIED	UNCLASSIFIED	UNCLASSIFIED		Perl recv — bareword filehandle is auto-quoted; the buffer is written through.
p-redo	macro	control-flow	(&optional label)	UNCLASSIFIED	UNCLASSIFIED	UNCLASSIFIED	UNCLASSIFIED	UNCLASSIFIED	UNCLASSIFIED	UNCLASSIFIED		Perl redo - optionally with label to redo specific loop
p-ref	function	introspection	(val)	UNCLASSIFIED	UNCLASSIFIED	UNCLASSIFIED	UNCLASSIFIED	UNCLASSIFIED	UNCLASSIFIED	UNCLASSIFIED		Perl ref() function - get reference type or class name if blessed. Returns empty string for non-references.
p-refgen-list	function	reference	(val)	UNCLASSIFIED	UNCLASSIFIED	UNCLASSIFIED	UNCLASSIFIED	UNCLASSIFIED	UNCLASSIFIED	UNCLASSIFIED		Perl \(LIST) — distribute reference generation over list elements. Receives the list-context value of the parenthesized expression and returns a fresh vector wi
p-reftype	function	introspection	(val)	UNCLASSIFIED	UNCLASSIFIED	UNCLASSIFIED	UNCLASSIFIED	UNCLASSIFIED	UNCLASSIFIED	UNCLASSIFIED		
p-regex	function	regex	(pattern-string)	UNCLASSIFIED	UNCLASSIFIED	UNCLASSIFIED	UNCLASSIFIED	UNCLASSIFIED	UNCLASSIFIED	UNCLASSIFIED		Parse /pattern/modifiers and return a regex-match struct, memoized on the source text (see *p-regex-op-cache*). Pattern-string is like '/foo/i' or 'm/bar/g' or 
p-regex-from-parts	function	compiled-regex	(pattern modifiers)	UNCLASSIFIED	UNCLASSIFIED	UNCLASSIFIED	UNCLASSIFIED	UNCLASSIFIED	UNCLASSIFIED	UNCLASSIFIED		Build a regex from a runtime-interpolated pattern string and modifier string. Used when the regex contains variable interpolation (e.g. /$x/ or qr/$x/). A patte
p-register-overloads	function	overload	(pkg pairs-vec)	UNCLASSIFIED	UNCLASSIFIED	UNCLASSIFIED	UNCLASSIFIED	UNCLASSIFIED	UNCLASSIFIED	UNCLASSIFIED		Register use overload handlers for package PKG from PAIRS-VEC. PAIRS-VEC is the CL vector generated by transpiling: use overload '+' => \&add, '""' => \&str, fa
p-register-pkg-name	function	package-tracking	(pkg perl-name)	UNCLASSIFIED	UNCLASSIFIED	UNCLASSIFIED	UNCLASSIFIED	UNCLASSIFIED	UNCLASSIFIED	UNCLASSIFIED		Record the original-case PERL-NAME for CL package PKG in *pcl-pkg-name-map* WITHOUT changing the lexically-current package. Emitted in each package's preamble (
p-rename	function	file-ops	(old new)	UNCLASSIFIED	UNCLASSIFIED	UNCLASSIFIED	UNCLASSIFIED	UNCLASSIFIED	UNCLASSIFIED	UNCLASSIFIED		Perl rename - rename(2), both path strings passed to the C layer untouched: wildcard characters stay literal (#755), a relative NEW is cwd-relative (CL rename-f
p-require	function	module-system	(module-name)	UNCLASSIFIED	UNCLASSIFIED	UNCLASSIFIED	UNCLASSIFIED	UNCLASSIFIED	UNCLASSIFIED	UNCLASSIFIED		Perl require - load module at runtime WITHOUT calling its ->import. `require Foo` only loads; `use Foo` = require + import. Calling import here would re-run the
p-require-file	function	module-system	(path)	UNCLASSIFIED	UNCLASSIFIED	UNCLASSIFIED	UNCLASSIFIED	UNCLASSIFIED	UNCLASSIFIED	UNCLASSIFIED		Perl require with a string/path argument. A `.pm` path (Foo/Bar.pm) is a MODULE require: resolve through @INC and the lib/ shims exactly like a bareword `requir
p-require-parent	function	module-system	(module-name)	UNCLASSIFIED	UNCLASSIFIED	UNCLASSIFIED	UNCLASSIFIED	UNCLASSIFIED	UNCLASSIFIED	UNCLASSIFIED		Implicit require performed by `use parent`/`use base` (Perl does `require $_` for each parent unless -norequire). Loading the parent makes its package and metho
p-require-version	function	module-system	(ver)	UNCLASSIFIED	UNCLASSIFIED	UNCLASSIFIED	UNCLASSIFIED	UNCLASSIFIED	UNCLASSIFIED	UNCLASSIFIED		Perl `require VERSION` — die when VERSION exceeds the running version, else return 1. Emitted by codegen for version-literal requires; also the runtime path for
p-reset	function	misc-builtin	(&optional pattern)	UNCLASSIFIED	UNCLASSIFIED	UNCLASSIFIED	UNCLASSIFIED	UNCLASSIFIED	UNCLASSIFIED	UNCLASSIFIED		Perl reset - reset ?? searches. No-op in PCL, returns 1.
p-resolve-invocant	function	oo	(name)	UNCLASSIFIED	UNCLASSIFIED	UNCLASSIFIED	UNCLASSIFIED	UNCLASSIFIED	UNCLASSIFIED	UNCLASSIFIED		Resolve a bareword invocant for method calls. In Perl, Foo->bar() checks if sub Foo exists first: - If pl-Foo is a user-defined function in current package → ca
p-return	macro	control-flow	(&rest values)	UNCLASSIFIED	UNCLASSIFIED	UNCLASSIFIED	UNCLASSIFIED	UNCLASSIFIED	UNCLASSIFIED	UNCLASSIFIED		Perl return - returns single value or list depending on args. Evaluates argument(s) with *wantarray* restored to *pcl-caller-wantarray* so that 'return do { @a,
p-return-empty	macro	control-flow	(&optional (ctx (quote *wantarray*)))	UNCLASSIFIED	UNCLASSIFIED	UNCLASSIFIED	UNCLASSIFIED	UNCLASSIFIED	UNCLASSIFIED	UNCLASSIFIED		The VALUE of a bare `return;` — perl's EMPTY LIST in list context, undef (raw nil) in scalar/void. Two sites ask this question and they must agree (rule 11): `p
p-reverse	function	string	(&rest items)	sensitive	str	none	no	no	no	none		Perl reverse: in list context reverses element order; in scalar context concatenates all items into a string and reverses the characters.
p-rewinddir	macro	directory-io	(dh)	UNCLASSIFIED	UNCLASSIFIED	UNCLASSIFIED	UNCLASSIFIED	UNCLASSIFIED	UNCLASSIFIED	UNCLASSIFIED		Perl rewinddir — bareword dirhandle is auto-quoted.
p-rindex	function	string	(str substr &optional start)	insensitive	str,num	none	no	no	no	none		Perl rindex - find substring from end. Negative start position returns -1 for non-empty substr. For empty substr, negative position is clamped to 0 (Perl return
p-rmdir	function	file-ops	(dir)	UNCLASSIFIED	UNCLASSIFIED	UNCLASSIFIED	UNCLASSIFIED	UNCLASSIFIED	UNCLASSIFIED	UNCLASSIFIED		Perl rmdir - remove empty directory. Returns true on success, sets $! on failure.
p-run-compile-phase-blocks	function	phase	nil	UNCLASSIFIED	UNCLASSIFIED	UNCLASSIFIED	UNCLASSIFIED	UNCLASSIFIED	UNCLASSIFIED	UNCLASSIFIED		The compile->run boundary of the main program: run UNITCHECK blocks (reverse order), then CHECK blocks (reverse order), then INIT blocks (source order). Emitted
p-say	function	io	(&rest args)	UNCLASSIFIED	UNCLASSIFIED	UNCLASSIFIED	UNCLASSIFIED	UNCLASSIFIED	UNCLASSIFIED	UNCLASSIFIED		Perl say - print with "\n" appended INSTEAD of $\ (task #500)
p-scalar	function	aggregate-builtin	(&rest args)	UNCLASSIFIED	UNCLASSIFIED	UNCLASSIFIED	UNCLASSIFIED	UNCLASSIFIED	UNCLASSIFIED	UNCLASSIFIED		Perl scalar function - returns length for arrays, value for scalars. With multiple args (comma expr), returns the last value.
p-scalar-=	macro	assignment	(place value)	UNCLASSIFIED	UNCLASSIFIED	UNCLASSIFIED	UNCLASSIFIED	UNCLASSIFIED	UNCLASSIFIED	UNCLASSIFIED		Assign to a scalar variable ($var). Auto-declares as global if unbound. Reference values (p-backslash) are stored as box-in-box.
p-scalar-ctx	macro	context-frame	(&body body)	UNCLASSIFIED	UNCLASSIFIED	UNCLASSIFIED	UNCLASSIFIED	UNCLASSIFIED	UNCLASSIFIED	UNCLASSIFIED		Evaluate BODY in Perl SCALAR context.
p-seek	macro	io	(fh &rest args)	UNCLASSIFIED	UNCLASSIFIED	UNCLASSIFIED	UNCLASSIFIED	UNCLASSIFIED	UNCLASSIFIED	UNCLASSIFIED		Perl seek — bareword filehandle is auto-quoted.
p-select	function	io	(&optional (fh nil) (wbits nil) (ebits nil) (timeout nil timeout-p))	UNCLASSIFIED	UNCLASSIFIED	UNCLASSIFIED	UNCLASSIFIED	UNCLASSIFIED	UNCLASSIFIED	UNCLASSIFIED		Perl select - the one-arg form makes FH the default output handle for print/printf/say and the handle $| applies to, and returns the PREVIOUS selection so `my $
p-send	macro	socket	(fh msg flags &optional to)	UNCLASSIFIED	UNCLASSIFIED	UNCLASSIFIED	UNCLASSIFIED	UNCLASSIFIED	UNCLASSIFIED	UNCLASSIFIED		Perl send — bareword filehandle is auto-quoted.
p-set-array-length	function	aggregate-builtin	(arr new-last-index)	UNCLASSIFIED	UNCLASSIFIED	UNCLASSIFIED	UNCLASSIFIED	UNCLASSIFIED	UNCLASSIFIED	UNCLASSIFIED		Set array length by setting $#array. Perl semantics: - Growing: extends with HOLES (nil slots — `$#a++` does not vivify: `exists $a[$i]` is false for the new po
p-set-current-package	function	package-tracking	(pkg perl-name)	UNCLASSIFIED	UNCLASSIFIED	UNCLASSIFIED	UNCLASSIFIED	UNCLASSIFIED	UNCLASSIFIED	UNCLASSIFIED		Record the original-case PERL-NAME for CL package PKG (a package designator as emitted by codegen) and make it the lexically-current package. Called by generate
p-setf	macro	assignment	(place value)	UNCLASSIFIED	UNCLASSIFIED	UNCLASSIFIED	UNCLASSIFIED	UNCLASSIFIED	UNCLASSIFIED	UNCLASSIFIED		Perl assignment - dispatches to type-specific forms or uses CL setf for element access.
p-setgrent	function	user-db	(&key (wantarray (eq *wantarray* t)))	UNCLASSIFIED	UNCLASSIFIED	UNCLASSIFIED	UNCLASSIFIED	UNCLASSIFIED	UNCLASSIFIED	UNCLASSIFIED		Perl setgrent() — rewind the group file for getgrent iteration.
p-setpgrp	function	process	(&optional pid pgrp)	UNCLASSIFIED	UNCLASSIFIED	UNCLASSIFIED	UNCLASSIFIED	UNCLASSIFIED	UNCLASSIFIED	UNCLASSIFIED		Perl setpgrp PID, PGRP (both default 0 = current process/new group) - setpgid(2). Returns 1 on success, 0 on failure with $! set.
p-setpwent	function	user-db	(&key (wantarray (eq *wantarray* t)))	UNCLASSIFIED	UNCLASSIFIED	UNCLASSIFIED	UNCLASSIFIED	UNCLASSIFIED	UNCLASSIFIED	UNCLASSIFIED		Perl setpwent() — rewind the passwd file for getpwent iteration.
p-setsockopt	macro	socket	(fh level optname optval)	UNCLASSIFIED	UNCLASSIFIED	UNCLASSIFIED	UNCLASSIFIED	UNCLASSIFIED	UNCLASSIFIED	UNCLASSIFIED		Perl setsockopt — bareword filehandle is auto-quoted.
p-set_up_inc	function	file-ops	(&rest dirs)	UNCLASSIFIED	UNCLASSIFIED	UNCLASSIFIED	UNCLASSIFIED	UNCLASSIFIED	UNCLASSIFIED	UNCLASSIFIED		Perl test.pl set_up_inc - modifies @INC for tests. No-op in PCL since @INC is set up during transpilation.
p-shift	function	aggregate-builtin	(arr)	UNCLASSIFIED	UNCLASSIFIED	UNCLASSIFIED	UNCLASSIFIED	UNCLASSIFIED	UNCLASSIFIED	UNCLASSIFIED		Perl shift - removes from front, returns the element as-is (preserving references). Like p-aref, does NOT unbox: box-set handles plain vs reference boxes correc
p-shutdown	macro	socket	(fh how)	UNCLASSIFIED	UNCLASSIFIED	UNCLASSIFIED	UNCLASSIFIED	UNCLASSIFIED	UNCLASSIFIED	UNCLASSIFIED		Perl shutdown — bareword filehandle is auto-quoted.
p-sig-rest-array	function	signature	(args start)	UNCLASSIFIED	UNCLASSIFIED	UNCLASSIFIED	UNCLASSIFIED	UNCLASSIFIED	UNCLASSIFIED	UNCLASSIFIED		Slurpy @rest signature parameter: a fresh adjustable Perl array holding the flattened ARGS from index START onward.
p-sig-rest-hash	function	signature	(args start)	UNCLASSIFIED	UNCLASSIFIED	UNCLASSIFIED	UNCLASSIFIED	UNCLASSIFIED	UNCLASSIFIED	UNCLASSIFIED		Slurpy %rest signature parameter: a hash built from the flattened ARGS key/value pairs from index START onward.
p-sin	function	math	(val)	UNCLASSIFIED	UNCLASSIFIED	UNCLASSIFIED	UNCLASSIFIED	UNCLASSIFIED	UNCLASSIFIED	UNCLASSIFIED		Perl sin - sine
p-sleep	function	time	(secs)	UNCLASSIFIED	UNCLASSIFIED	UNCLASSIFIED	UNCLASSIFIED	UNCLASSIFIED	UNCLASSIFIED	UNCLASSIFIED		Perl sleep - pause execution for specified seconds. Returns seconds slept.
p-slice-result	function	elements	(val)	UNCLASSIFIED	UNCLASSIFIED	UNCLASSIFIED	UNCLASSIFIED	UNCLASSIFIED	UNCLASSIFIED	UNCLASSIFIED		Context-dispatch for a slice whose context is only known at runtime (e.g. it is the argument of `return`): list context keeps the vector, scalar context reduces
p-socket	macro	socket	(fh domain type protocol)	UNCLASSIFIED	UNCLASSIFIED	UNCLASSIFIED	UNCLASSIFIED	UNCLASSIFIED	UNCLASSIFIED	UNCLASSIFIED		Perl socket — bareword filehandle is auto-quoted.
p-socketpair	macro	socket	(fh1 fh2 domain type protocol)	UNCLASSIFIED	UNCLASSIFIED	UNCLASSIFIED	UNCLASSIFIED	UNCLASSIFIED	UNCLASSIFIED	UNCLASSIFIED		Perl socketpair — both filehandles are auto-quoted.
p-sort	function	aggregate-builtin	(&rest args)	UNCLASSIFIED	UNCLASSIFIED	UNCLASSIFIED	UNCLASSIFIED	UNCLASSIFIED	UNCLASSIFIED	UNCLASSIFIED		Perl sort - sort a list with optional comparator function. (p-sort list) - sort single array/list lexically (p-sort fn list...) - sort with comparator fn (lambd
p-sort-cmp	macro	context-frame	(params &body body)	UNCLASSIFIED	UNCLASSIFIED	UNCLASSIFIED	UNCLASSIFIED	UNCLASSIFIED	UNCLASSIFIED	UNCLASSIFIED		A Perl sort comparator over PARAMS: BODY with `return` bound to it.
p-sort-get-fn	function	aggregate-builtin	(val)	UNCLASSIFIED	UNCLASSIFIED	UNCLASSIFIED	UNCLASSIFIED	UNCLASSIFIED	UNCLASSIFIED	UNCLASSIFIED		Get a CL function from a Perl scalar sort comparator (coderef, string, glob, or glob ref). Handles: \&foo (double-boxed fn), *foo (typeglob), \*foo (box of type
p-sort-named	function	aggregate-builtin	(sym fn)	UNCLASSIFIED	UNCLASSIFIED	UNCLASSIFIED	UNCLASSIFIED	UNCLASSIFIED	UNCLASSIFIED	UNCLASSIFIED		The comparator form `sort NAME LIST` emits: FN with the NAME attached.
p-splice	macro	aggregate-builtin	(arr &rest args)	UNCLASSIFIED	UNCLASSIFIED	UNCLASSIFIED	UNCLASSIFIED	UNCLASSIFIED	UNCLASSIFIED	UNCLASSIFIED		Perl splice - auto-declares array if unbound (handles @Foo::ISA etc.)
p-split	function	aggregate-builtin	(pattern str &optional limit)	UNCLASSIFIED	UNCLASSIFIED	UNCLASSIFIED	UNCLASSIFIED	UNCLASSIFIED	UNCLASSIFIED	UNCLASSIFIED		Perl split - split string by pattern. Note: pattern and str are NOT optional here - PExpr.pm adds defaults (pattern=' ', str=$_) at parse time so codegen always
p-sprintf	function	string	(fmt &rest args)	insensitive	str,num	none	no	no	no	none		Perl sprintf - full format string parser. Supports: %d %i %u %o %x %X %b %B %e %E %f %F %g %G %s %c %% Flags: - + 0 space # Width and precision: literal or * (f
p-sqrt	function	math	(val)	UNCLASSIFIED	UNCLASSIFIED	UNCLASSIFIED	UNCLASSIFIED	UNCLASSIFIED	UNCLASSIFIED	UNCLASSIFIED		Perl sqrt - square root
p-srand	function	math	(&optional seed)	UNCLASSIFIED	UNCLASSIFIED	UNCLASSIFIED	UNCLASSIFIED	UNCLASSIFIED	UNCLASSIFIED	UNCLASSIFIED		Perl srand - seed the RNG, returning the seed. Previously a no-op that DISCARDED the seed, so `srand($n); rand` was not reproducible at all (op/rand.t t262/t263
p-stash	function	introspection	(pkg-name)	UNCLASSIFIED	UNCLASSIFIED	UNCLASSIFIED	UNCLASSIFIED	UNCLASSIFIED	UNCLASSIFIED	UNCLASSIFIED		Return the package stash as a hash mapping Perl symbol names to code-ref boxes. Keys are lowercase Perl sub names; values are (make-p-box function). Child names
p-stat	macro	file-ops	(arg)	UNCLASSIFIED	UNCLASSIFIED	UNCLASSIFIED	UNCLASSIFIED	UNCLASSIFIED	UNCLASSIFIED	UNCLASSIFIED		Perl p-stat — a bareword filehandle in the operand slot is a NAME, not a variable (#1032). Body: %p-stat-impl.
p-str-bit-and	function	bitwise	(a b)	UNCLASSIFIED	UNCLASSIFIED	UNCLASSIFIED	UNCLASSIFIED	UNCLASSIFIED	UNCLASSIFIED	UNCLASSIFIED		Perl string bitwise AND (&.) — always string, byte-by-byte, truncates to shorter
p-str-bit-and=	macro	compound-assignment	(place value)	UNCLASSIFIED	UNCLASSIFIED	UNCLASSIFIED	UNCLASSIFIED	UNCLASSIFIED	UNCLASSIFIED	UNCLASSIFIED		
p-str-bit-and=-raw	macro	compound-assignment	(var value)	UNCLASSIFIED	UNCLASSIFIED	UNCLASSIFIED	UNCLASSIFIED	UNCLASSIFIED	UNCLASSIFIED	UNCLASSIFIED		
p-str-bit-not	function	bitwise	(a)	UNCLASSIFIED	UNCLASSIFIED	UNCLASSIFIED	UNCLASSIFIED	UNCLASSIFIED	UNCLASSIFIED	UNCLASSIFIED		Perl string bitwise NOT (~.) — always string, complement each byte
p-str-bit-or	function	bitwise	(a b)	UNCLASSIFIED	UNCLASSIFIED	UNCLASSIFIED	UNCLASSIFIED	UNCLASSIFIED	UNCLASSIFIED	UNCLASSIFIED		Perl string bitwise OR (|.) — always string, byte-by-byte, pads with NUL
p-str-bit-or=	macro	compound-assignment	(place value)	UNCLASSIFIED	UNCLASSIFIED	UNCLASSIFIED	UNCLASSIFIED	UNCLASSIFIED	UNCLASSIFIED	UNCLASSIFIED		
p-str-bit-or=-raw	macro	compound-assignment	(var value)	UNCLASSIFIED	UNCLASSIFIED	UNCLASSIFIED	UNCLASSIFIED	UNCLASSIFIED	UNCLASSIFIED	UNCLASSIFIED		
p-str-bit-xor	function	bitwise	(a b)	UNCLASSIFIED	UNCLASSIFIED	UNCLASSIFIED	UNCLASSIFIED	UNCLASSIFIED	UNCLASSIFIED	UNCLASSIFIED		Perl string bitwise XOR (^.) — always string, byte-by-byte, pads with NUL
p-str-bit-xor=	macro	compound-assignment	(place value)	UNCLASSIFIED	UNCLASSIFIED	UNCLASSIFIED	UNCLASSIFIED	UNCLASSIFIED	UNCLASSIFIED	UNCLASSIFIED		
p-str-bit-xor=-raw	macro	compound-assignment	(var value)	UNCLASSIFIED	UNCLASSIFIED	UNCLASSIFIED	UNCLASSIFIED	UNCLASSIFIED	UNCLASSIFIED	UNCLASSIFIED		
p-str-cmp	function	string-compare	(a b)	insensitive	str	none	no	no	no	none		Perl string comparison (cmp) with stringp fast path
p-str-eq	function	string-compare	(a b)	insensitive	str	none	no	no	no	none		Perl eq with stringp fast path (returns 1 / "")
p-str-ge	function	string-compare	(a b)	insensitive	str	none	no	no	no	none		Perl ge with stringp fast path (returns 1 / "")
p-str-gt	function	string-compare	(a b)	insensitive	str	none	no	no	no	none		Perl gt with stringp fast path (returns 1 / "")
p-str-le	function	string-compare	(a b)	insensitive	str	none	no	no	no	none		Perl le with stringp fast path (returns 1 / "")
p-str-lt	function	string-compare	(a b)	insensitive	str	none	no	no	no	none		Perl lt with stringp fast path (returns 1 / "")
p-str-ne	function	string-compare	(a b)	insensitive	str	none	no	no	no	none		Perl ne with stringp fast path (returns 1 / "")
p-str-x	function	string	(str count)	insensitive	str,num	none	no	no	no	none		Perl string repetition operator (x). If str is an array (adjustable vector), uses its length (scalar context). `use overload q(x)` DISPATCHES HERE (task #1005's
p-str-x=	macro	compound-assignment	(place value)	UNCLASSIFIED	UNCLASSIFIED	UNCLASSIFIED	UNCLASSIFIED	UNCLASSIFIED	UNCLASSIFIED	UNCLASSIFIED		Perl x= (repeat-assign). Delegates to p-str-x.
p-str-x=-raw	macro	compound-assignment	(var &rest %args)	UNCLASSIFIED	UNCLASSIFIED	UNCLASSIFIED	UNCLASSIFIED	UNCLASSIFIED	UNCLASSIFIED	UNCLASSIFIED		Perl x= (repeat-assign). Delegates to p-str-x.
p-string-concat	function	string	(&rest args)	insensitive	str	none	no	no	no	none		Perl string concatenation for string interpolation ("$a $b"). perl spells "a $o b" as 'a ' . $o . ' b', so a '.' overload participates and the result need not b
p-study	function	misc-builtin	(&optional str)	UNCLASSIFIED	UNCLASSIFIED	UNCLASSIFIED	UNCLASSIFIED	UNCLASSIFIED	UNCLASSIFIED	UNCLASSIFIED		Perl study - deprecated no-op in modern Perl. Returns 1.
p-sub	macro	declaration	(name params facts &body body)	UNCLASSIFIED	UNCLASSIFIED	UNCLASSIFIED	UNCLASSIFIED	UNCLASSIFIED	UNCLASSIFIED	UNCLASSIFIED		
p-sub-defined	function	introspection	(pkg-str name-str)	UNCLASSIFIED	UNCLASSIFIED	UNCLASSIFIED	UNCLASSIFIED	UNCLASSIFIED	UNCLASSIFIED	UNCLASSIFIED		Perl defined &funcname — true only if sub has an actual body (not a stub).
p-sub-exists	function	introspection	(pkg-str name-str)	UNCLASSIFIED	UNCLASSIFIED	UNCLASSIFIED	UNCLASSIFIED	UNCLASSIFIED	UNCLASSIFIED	UNCLASSIFIED		Perl exists &funcname — 1 if the sub has been declared or defined, else the DEFINED empty string (it was undef; see p-exists, #1173).
p-sub-frame	macro	sub-definition	(&body body)	UNCLASSIFIED	UNCLASSIFIED	UNCLASSIFIED	UNCLASSIFIED	UNCLASSIFIED	UNCLASSIFIED	UNCLASSIFIED		A Perl SUB frame: BODY with `return` bound to it, and perl's leave rule applied to the value it exits with. ONE spelling of the frame — p-sub uses it, and the a
p-subst	function	regex	(pattern replacement &rest modifiers)	UNCLASSIFIED	UNCLASSIFIED	UNCLASSIFIED	UNCLASSIFIED	UNCLASSIFIED	UNCLASSIFIED	UNCLASSIFIED		Create a substitution operation s/// Modifiers are keywords like :g :i :s :m :x :e
p-substr	function	string	(str start &optional len replacement)	insensitive	str,num	none	yes	no	no	none		Perl substr function. 2-3 args: extract substring. 4 args: replace in place (if str is a box), return replaced portion. Negative start: count from end. Negative
p-substr-lvalue-cell	function	reference	(str start &optional len)	UNCLASSIFIED	UNCLASSIFIED	UNCLASSIFIED	UNCLASSIFIED	UNCLASSIFIED	UNCLASSIFIED	UNCLASSIFIED		Bare magic-cell box for a substr() lvalue window (no \-ref wrapper). Reading returns the current substring (p-substr getter), writing replaces that region of ST
p-substr-ref	function	reference	(str start &optional len)	UNCLASSIFIED	UNCLASSIFIED	UNCLASSIFIED	UNCLASSIFIED	UNCLASSIFIED	UNCLASSIFIED	UNCLASSIFIED		Perl \substr(STR, START [, LEN]) — a live reference to the substr lvalue window. Like p-arylen-ref it wraps a p-magic-cell: reading returns the current substrin
p-super-call	function	oo	(obj method current-class &rest args)	UNCLASSIFIED	UNCLASSIFIED	UNCLASSIFIED	UNCLASSIFIED	UNCLASSIFIED	UNCLASSIFIED	UNCLASSIFIED		Call method starting from parent of current-class in MRO (for SUPER:: calls). Uses CLOS MRO when @ISA is empty; falls back to @ISA walk otherwise (covers the co
p-symlink	function	file-ops	(old new)	UNCLASSIFIED	UNCLASSIFIED	UNCLASSIFIED	UNCLASSIFIED	UNCLASSIFIED	UNCLASSIFIED	UNCLASSIFIED		Perl symlink OLD, NEW — create a symbolic link. Returns 1 on success, 0 on failure.
p-symref-site	macro	UNCLASSIFIED	nil	insensitive	none	none	no	no	no	none		The per-call-site cache cell the `symref-const` emission passes to a cast: `(p-cast-$ "main::g" (p-symref-site))`. One fresh cell per EXPANSION, i.e. per emitte
p-sysopen	macro	io	(fh path flags &optional perms)	UNCLASSIFIED	UNCLASSIFIED	UNCLASSIFIED	UNCLASSIFIED	UNCLASSIFIED	UNCLASSIFIED	UNCLASSIFIED		Perl sysopen - open(2) with O_* flags. Bareword FH is auto-quoted, exactly as p-open does it.
p-sysread	macro	io	(fh &rest args)	UNCLASSIFIED	UNCLASSIFIED	UNCLASSIFIED	UNCLASSIFIED	UNCLASSIFIED	UNCLASSIFIED	UNCLASSIFIED		Perl sysread — bareword filehandle is auto-quoted.
p-sysseek	macro	io	(fh &rest args)	UNCLASSIFIED	UNCLASSIFIED	UNCLASSIFIED	UNCLASSIFIED	UNCLASSIFIED	UNCLASSIFIED	UNCLASSIFIED		Perl sysseek — bareword filehandle is auto-quoted.
p-system	function	process	(&rest args)	UNCLASSIFIED	UNCLASSIFIED	UNCLASSIFIED	UNCLASSIFIED	UNCLASSIFIED	UNCLASSIFIED	UNCLASSIFIED		Perl system - execute a shell command. system(CMD) or system(PROG, ARGS...). Sets $? to wait status (exit_code << 8), returns same value. Perl's PERL_FLUSHALL_F
p-syswrite	macro	io	(fh &rest args)	UNCLASSIFIED	UNCLASSIFIED	UNCLASSIFIED	UNCLASSIFIED	UNCLASSIFIED	UNCLASSIFIED	UNCLASSIFIED		Perl syswrite — bareword filehandle is auto-quoted.
p-tail-value	macro	control-flow	(form)	UNCLASSIFIED	UNCLASSIFIED	UNCLASSIFIED	UNCLASSIFIED	UNCLASSIFIED	UNCLASSIFIED	UNCLASSIFIED		The value of a TAIL-position `return EXPR` (task #994, the `tail-return` Kind-A emission). A `return` that IS a sub body's last statement does not need the thro
p-tell	macro	io	(&rest args)	UNCLASSIFIED	UNCLASSIFIED	UNCLASSIFIED	UNCLASSIFIED	UNCLASSIFIED	UNCLASSIFIED	UNCLASSIFIED		Perl tell — bareword filehandle is auto-quoted.
p-tie	function	tie	(box classname &rest args)	UNCLASSIFIED	UNCLASSIFIED	UNCLASSIFIED	UNCLASSIFIED	UNCLASSIFIED	UNCLASSIFIED	UNCLASSIFIED		Perl tie - bind a scalar variable to a class implementing TIESCALAR. Dispatches to TIEARRAY or TIEHASH when box holds a vector or hash-table (future: requires a
p-tie-proxy	class	tie		UNCLASSIFIED	UNCLASSIFIED	UNCLASSIFIED	UNCLASSIFIED	UNCLASSIFIED	UNCLASSIFIED	UNCLASSIFIED		
p-tie-proxy-p	function	tie	(sb-kernel::object)	UNCLASSIFIED	UNCLASSIFIED	UNCLASSIFIED	UNCLASSIFIED	UNCLASSIFIED	UNCLASSIFIED	UNCLASSIFIED		
p-tie-proxy-saved-value	function	tie	(sb-kernel:instance)	UNCLASSIFIED	UNCLASSIFIED	UNCLASSIFIED	UNCLASSIFIED	UNCLASSIFIED	UNCLASSIFIED	UNCLASSIFIED	setf	
p-tie-proxy-tie-obj	function	tie	(sb-kernel:instance)	UNCLASSIFIED	UNCLASSIFIED	UNCLASSIFIED	UNCLASSIFIED	UNCLASSIFIED	UNCLASSIFIED	UNCLASSIFIED	setf	
p-tied	function	tie	(box)	UNCLASSIFIED	UNCLASSIFIED	UNCLASSIFIED	UNCLASSIFIED	UNCLASSIFIED	UNCLASSIFIED	UNCLASSIFIED		Perl tied() - returns the tie object if box is tied, undef otherwise.
p-time	function	time	nil	UNCLASSIFIED	UNCLASSIFIED	UNCLASSIFIED	UNCLASSIFIED	UNCLASSIFIED	UNCLASSIFIED	UNCLASSIFIED		Perl time - return seconds since Unix epoch.
p-times	function	time	(&key wantarray)	UNCLASSIFIED	UNCLASSIFIED	UNCLASSIFIED	UNCLASSIFIED	UNCLASSIFIED	UNCLASSIFIED	UNCLASSIFIED		Perl times - return process times (user, system, child-user, child-system). Uses CL's get-internal-run-time for user time approximation. System and child times 
p-to-s64	function	bitwise	(n)	UNCLASSIFIED	UNCLASSIFIED	UNCLASSIFIED	UNCLASSIFIED	UNCLASSIFIED	UNCLASSIFIED	UNCLASSIFIED		Convert integer to signed 64-bit range (-2^63 to 2^63-1).
p-tr	function	regex	(from to &rest modifiers)	UNCLASSIFIED	UNCLASSIFIED	UNCLASSIFIED	UNCLASSIFIED	UNCLASSIFIED	UNCLASSIFIED	UNCLASSIFIED		Create a transliteration operation tr/// Modifiers are keywords like :c :d :s :r
p-true-p	function	box	(val)	UNCLASSIFIED	UNCLASSIFIED	UNCLASSIFIED	UNCLASSIFIED	UNCLASSIFIED	UNCLASSIFIED	UNCLASSIFIED		Perl truthiness with inline fast paths for raw numbers and strings. Number: false iff zero (NaN is true). String: false iff "" or "0". Everything else (boxes, u
p-truncate	macro	file-ops	(fh-or-file size)	UNCLASSIFIED	UNCLASSIFIED	UNCLASSIFIED	UNCLASSIFIED	UNCLASSIFIED	UNCLASSIFIED	UNCLASSIFIED		Perl truncate FH/EXPR, LENGTH — the first operand is filehandle-like, so a bareword must be quoted (otherwise it is an unbound variable reference).
p-try	macro	exception	(try-form catch-clause &optional finally-form)	UNCLASSIFIED	UNCLASSIFIED	UNCLASSIFIED	UNCLASSIFIED	UNCLASSIFIED	UNCLASSIFIED	UNCLASSIFIED		Perl's `try BLOCK catch (VAR) BLOCK [finally BLOCK]` (feature 'try', 5.34). CATCH-CLAUSE is (VAR CATCH-FORM); FINALLY-FORM is optional. Every rule below was pro
p-typeglob	class	typeglob		UNCLASSIFIED	UNCLASSIFIED	UNCLASSIFIED	UNCLASSIFIED	UNCLASSIFIED	UNCLASSIFIED	UNCLASSIFIED		
p-typeglob-name	function	typeglob	(sb-kernel:instance)	UNCLASSIFIED	UNCLASSIFIED	UNCLASSIFIED	UNCLASSIFIED	UNCLASSIFIED	UNCLASSIFIED	UNCLASSIFIED	setf	
p-typeglob-p	function	typeglob	(sb-kernel::object)	UNCLASSIFIED	UNCLASSIFIED	UNCLASSIFIED	UNCLASSIFIED	UNCLASSIFIED	UNCLASSIFIED	UNCLASSIFIED		
p-typeglob-package	function	typeglob	(sb-kernel:instance)	UNCLASSIFIED	UNCLASSIFIED	UNCLASSIFIED	UNCLASSIFIED	UNCLASSIFIED	UNCLASSIFIED	UNCLASSIFIED	setf	
p-uc	function	string	(str)	insensitive	str	none	no	no	no	none		Perl uc - uppercase
p-ucfirst	function	string	(str)	insensitive	str	none	no	no	no	none		Perl ucfirst - uppercase first character
p-umask	function	file-ops	(&optional mode)	UNCLASSIFIED	UNCLASSIFIED	UNCLASSIFIED	UNCLASSIFIED	UNCLASSIFIED	UNCLASSIFIED	UNCLASSIFIED		Perl umask [EXPR] — set the file-creation mask and return the PREVIOUS value. With no argument, return the current mask without changing it (sb-posix:umask alwa
p-undef	function	box	(&optional val)	UNCLASSIFIED	UNCLASSIFIED	UNCLASSIFIED	UNCLASSIFIED	UNCLASSIFIED	UNCLASSIFIED	UNCLASSIFIED		Return Perl's undef value, or undefine a variable. (p-undef) → undef (p-undef @arr) → clear array, return undef (p-undef %hash) → clear hash, return undef (p-un
p-undef-sub	function	introspection	(pkg-str name-str)	UNCLASSIFIED	UNCLASSIFIED	UNCLASSIFIED	UNCLASSIFIED	UNCLASSIFIED	UNCLASSIFIED	UNCLASSIFIED		Perl undef &funcname — remove sub body; sub still 'exists' afterward.
p-unless	macro	control-flow	(condition then-form &optional else-form)	UNCLASSIFIED	UNCLASSIFIED	UNCLASSIFIED	UNCLASSIFIED	UNCLASSIFIED	UNCLASSIFIED	UNCLASSIFIED		Perl unless
p-unlink	function	file-ops	(&rest files)	UNCLASSIFIED	UNCLASSIFIED	UNCLASSIFIED	UNCLASSIFIED	UNCLASSIFIED	UNCLASSIFIED	UNCLASSIFIED		Perl unlink - delete files via unlink(2), the path string passed to the C layer untouched (wildcard characters are literal, #755). A symlink is removed ITSELF, 
p-unpack	function	pack	(&rest args)	UNCLASSIFIED	UNCLASSIFIED	UNCLASSIFIED	UNCLASSIFIED	UNCLASSIFIED	UNCLASSIFIED	UNCLASSIFIED		
p-unparsable-quote	function	string	(text)	UNCLASSIFIED	UNCLASSIFIED	UNCLASSIFIED	UNCLASSIFIED	UNCLASSIFIED	UNCLASSIFIED	UNCLASSIFIED		The value of a quote-like literal whose delimiters the compiler could not read. Pl/ExprToCL.pm's convert_perl_string_form emits this call IN PLACE of the string
p-unrepresentable-char	function	string	(code)	UNCLASSIFIED	UNCLASSIFIED	UNCLASSIFIED	UNCLASSIFIED	UNCLASSIFIED	UNCLASSIFIED	UNCLASSIFIED		The value of a string literal that held CODE, a code point above U+10FFFF. SBCL's CHAR-CODE-LIMIT is #x110000, so no CL character holds CODE and the string simp
p-unshift	function	aggregate-builtin	(arr &rest items)	UNCLASSIFIED	UNCLASSIFIED	UNCLASSIFIED	UNCLASSIFIED	UNCLASSIFIED	UNCLASSIFIED	UNCLASSIFIED		Perl unshift - adds to front. Stores values in boxes for l-value semantics. Recognizes p-flatten-marker to flatten @array arguments.
p-untie	function	tie	(box)	UNCLASSIFIED	UNCLASSIFIED	UNCLASSIFIED	UNCLASSIFIED	UNCLASSIFIED	UNCLASSIFIED	UNCLASSIFIED		Perl untie - remove tie from variable, restoring its pre-tie value. Calls UNTIE on the tie object if the method exists.
p-until	macro	control-flow	(condition &body body)	UNCLASSIFIED	UNCLASSIFIED	UNCLASSIFIED	UNCLASSIFIED	UNCLASSIFIED	UNCLASSIFIED	UNCLASSIFIED		Perl until loop
p-use	function	module-system	(module-name &key (import-args :default) (do-import t) into)	UNCLASSIFIED	UNCLASSIFIED	UNCLASSIFIED	UNCLASSIFIED	UNCLASSIFIED	UNCLASSIFIED	UNCLASSIFIED		Perl use - load module at compile time and import symbols. MODULE-NAME: 'Foo::Bar' or 'Foo/Bar.pm' IMPORT-ARGS: the evaluated import list (a vector) — `use Foo 
p-utime	function	file-ops	(&optional atime mtime &rest files)	UNCLASSIFIED	UNCLASSIFIED	UNCLASSIFIED	UNCLASSIFIED	UNCLASSIFIED	UNCLASSIFIED	UNCLASSIFIED		Perl utime ATIME, MTIME, LIST — set access/modification times. Returns count. Times are Unix-epoch seconds (same convention as sb-posix:utime). undef ATIME/MTIM
p-values	function	aggregate-builtin	(collection)	UNCLASSIFIED	UNCLASSIFIED	UNCLASSIFIED	UNCLASSIFIED	UNCLASSIFIED	UNCLASSIFIED	UNCLASSIFIED		Perl values function — returns the container's own value slots as ALIASES (%p-elem-cell / %p-hash-elem-cell), so `for (values %h) { $_ .= "x" }` writes through 
p-vec	function	bit-string	(str offset bits)	UNCLASSIFIED	UNCLASSIFIED	UNCLASSIFIED	UNCLASSIFIED	UNCLASSIFIED	UNCLASSIFIED	UNCLASSIFIED		Perl vec - treat string as bit vector and extract element. OFFSET is the element index, BITS is element size (1, 2, 4, 8, 16, 32, 64). Returns the numeric value
p-vec-lvalue-cell	function	reference	(str offset bits)	UNCLASSIFIED	UNCLASSIFIED	UNCLASSIFIED	UNCLASSIFIED	UNCLASSIFIED	UNCLASSIFIED	UNCLASSIFIED		Bare magic-cell box for a vec() lvalue element (no \-ref wrapper). See p-substr-lvalue-cell.
p-vec-ref	function	reference	(str offset bits)	UNCLASSIFIED	UNCLASSIFIED	UNCLASSIFIED	UNCLASSIFIED	UNCLASSIFIED	UNCLASSIFIED	UNCLASSIFIED		Perl \vec(STR, OFFSET, BITS) — a live reference to a vec() lvalue element. Reading returns the element value (p-vec); writing stores it (p-vec-set). STR must be
p-vec-set	function	bit-string	(str-box offset bits value)	UNCLASSIFIED	UNCLASSIFIED	UNCLASSIFIED	UNCLASSIFIED	UNCLASSIFIED	UNCLASSIFIED	UNCLASSIFIED		Perl vec lvalue - set element in string-as-bit-vector. BITS must be 1, 2, 4, 8, 16, 32, or 64. Negative OFFSET dies. Modifies str-box.
p-vector-append	macro	reference	(dest src)	insensitive	none	none	no	no	no	none		Push every element of the vector SRC onto the adjustable vector DEST. The spread half of a `\(LIST)` refgen over more than one element: the emitter used to writ
p-version-string	function	string	(&rest code-points)	UNCLASSIFIED	UNCLASSIFIED	UNCLASSIFIED	UNCLASSIFIED	UNCLASSIFIED	UNCLASSIFIED	UNCLASSIFIED		Build a Perl v-string (v1.20.300) from integer code points. Each code point becomes a character; the result is a p-vstring struct so a scalar assigned from it a
p-void-ctx	macro	context-frame	(&body body)	UNCLASSIFIED	UNCLASSIFIED	UNCLASSIFIED	UNCLASSIFIED	UNCLASSIFIED	UNCLASSIFIED	UNCLASSIFIED		Evaluate BODY in Perl VOID context.
p-wait	function	process	nil	UNCLASSIFIED	UNCLASSIFIED	UNCLASSIFIED	UNCLASSIFIED	UNCLASSIFIED	UNCLASSIFIED	UNCLASSIFIED		Perl wait - wait for any child. Returns the reaped PID (or -1), sets $?.
p-waitpid	function	process	(pid &optional (flags 0))	UNCLASSIFIED	UNCLASSIFIED	UNCLASSIFIED	UNCLASSIFIED	UNCLASSIFIED	UNCLASSIFIED	UNCLASSIFIED		Perl waitpid(PID, FLAGS) - wait for a child. Returns the reaped PID (or -1 / 0), and sets $? to the child's raw wait status (exit_code << 8 | signal).
p-wantarray	function	aggregate-builtin	nil	UNCLASSIFIED	UNCLASSIFIED	UNCLASSIFIED	UNCLASSIFIED	UNCLASSIFIED	UNCLASSIFIED	UNCLASSIFIED		Perl wantarray(): 1 in list context, "" in scalar, undef in void. Reads *pcl-caller-wantarray* (set at sub entry) so it reflects the caller's context even when 
p-warn	function	exception	(&rest raw-args)	UNCLASSIFIED	UNCLASSIFIED	UNCLASSIFIED	UNCLASSIFIED	UNCLASSIFIED	UNCLASSIFIED	UNCLASSIFIED		Perl warn - respects $SIG{__WARN__} handler. Accepts an optional (:loc "FILE line N") marker from codegen for the ' at FILE line N.' suffix on a message that do
p-weaken	function	reference	(ref)	UNCLASSIFIED	UNCLASSIFIED	UNCLASSIFIED	UNCLASSIFIED	UNCLASSIFIED	UNCLASSIFIED	UNCLASSIFIED		Scalar::Util::weaken / builtin::weaken — no-op stub.
p-while	macro	control-flow	(condition &rest body-and-keys)	UNCLASSIFIED	UNCLASSIFIED	UNCLASSIFIED	UNCLASSIFIED	UNCLASSIFIED	UNCLASSIFIED	UNCLASSIFIED		Perl while loop with optional :label and :continue. Uses tagbody/go instead of loop so that (return-from nil ...) from p-return inside the loop body correctly e
p-write	macro	io	(&optional fh)	UNCLASSIFIED	UNCLASSIFIED	UNCLASSIFIED	UNCLASSIFIED	UNCLASSIFIED	UNCLASSIFIED	UNCLASSIFIED		Perl write — a bareword filehandle in the slot is a NAME (#1032).
p-xor	function	logical	(a b)	UNCLASSIFIED	UNCLASSIFIED	UNCLASSIFIED	UNCLASSIFIED	UNCLASSIFIED	UNCLASSIFIED	UNCLASSIFIED		Perl 'xor' operator: returns 1 if exactly one side is true, "" if both or neither
p-__pcl_set_prototype	function	introspection	(code proto)	UNCLASSIFIED	UNCLASSIFIED	UNCLASSIFIED	UNCLASSIFIED	UNCLASSIFIED	UNCLASSIFIED	UNCLASSIFIED		Register PROTO as the Perl prototype of the sub CODE refers to; returns CODE. Perl-side spelling: __pcl_set_prototype($code, $proto) — emitted by the :prototype
perl-pkg-to-clos-class	function	oo	(name)	UNCLASSIFIED	UNCLASSIFIED	UNCLASSIFIED	UNCLASSIFIED	UNCLASSIFIED	UNCLASSIFIED	UNCLASSIFIED		Convert Perl package name to CLOS class name: Foo::Bar -> plc-foo-bar. The plc- prefix guarantees the upcased class symbol never lands on a locked COMMON-LISP/S
pl-can_ok	function(lazy)	tap		UNCLASSIFIED	UNCLASSIFIED	UNCLASSIFIED	UNCLASSIFIED	UNCLASSIFIED	UNCLASSIFIED	UNCLASSIFIED		
pl-cmp_ok	function(lazy)	tap		UNCLASSIFIED	UNCLASSIFIED	UNCLASSIFIED	UNCLASSIFIED	UNCLASSIFIED	UNCLASSIFIED	UNCLASSIFIED		
pl-curr_test	function(lazy)	tap		UNCLASSIFIED	UNCLASSIFIED	UNCLASSIFIED	UNCLASSIFIED	UNCLASSIFIED	UNCLASSIFIED	UNCLASSIFIED		
pl-diag	function(lazy)	tap		UNCLASSIFIED	UNCLASSIFIED	UNCLASSIFIED	UNCLASSIFIED	UNCLASSIFIED	UNCLASSIFIED	UNCLASSIFIED		
pl-done_testing	function(lazy)	tap		UNCLASSIFIED	UNCLASSIFIED	UNCLASSIFIED	UNCLASSIFIED	UNCLASSIFIED	UNCLASSIFIED	UNCLASSIFIED		
pl-eq_array	function(lazy)	tap		UNCLASSIFIED	UNCLASSIFIED	UNCLASSIFIED	UNCLASSIFIED	UNCLASSIFIED	UNCLASSIFIED	UNCLASSIFIED		
pl-explain	function(lazy)	tap		UNCLASSIFIED	UNCLASSIFIED	UNCLASSIFIED	UNCLASSIFIED	UNCLASSIFIED	UNCLASSIFIED	UNCLASSIFIED		
pl-fail	function(lazy)	tap		UNCLASSIFIED	UNCLASSIFIED	UNCLASSIFIED	UNCLASSIFIED	UNCLASSIFIED	UNCLASSIFIED	UNCLASSIFIED		
pl-is	function(lazy)	tap		UNCLASSIFIED	UNCLASSIFIED	UNCLASSIFIED	UNCLASSIFIED	UNCLASSIFIED	UNCLASSIFIED	UNCLASSIFIED		
pl-isa_ok	function(lazy)	tap		UNCLASSIFIED	UNCLASSIFIED	UNCLASSIFIED	UNCLASSIFIED	UNCLASSIFIED	UNCLASSIFIED	UNCLASSIFIED		
pl-isnt	function(lazy)	tap		UNCLASSIFIED	UNCLASSIFIED	UNCLASSIFIED	UNCLASSIFIED	UNCLASSIFIED	UNCLASSIFIED	UNCLASSIFIED		
pl-is_deeply	function(lazy)	tap		UNCLASSIFIED	UNCLASSIFIED	UNCLASSIFIED	UNCLASSIFIED	UNCLASSIFIED	UNCLASSIFIED	UNCLASSIFIED		
pl-like	function(lazy)	tap		UNCLASSIFIED	UNCLASSIFIED	UNCLASSIFIED	UNCLASSIFIED	UNCLASSIFIED	UNCLASSIFIED	UNCLASSIFIED		
pl-locales_enabled	function(lazy)	tap		UNCLASSIFIED	UNCLASSIFIED	UNCLASSIFIED	UNCLASSIFIED	UNCLASSIFIED	UNCLASSIFIED	UNCLASSIFIED		
pl-native_to_unicode	function	tap	(&optional cp)	UNCLASSIFIED	UNCLASSIFIED	UNCLASSIFIED	UNCLASSIFIED	UNCLASSIFIED	UNCLASSIFIED	UNCLASSIFIED		
pl-note	function(lazy)	tap		UNCLASSIFIED	UNCLASSIFIED	UNCLASSIFIED	UNCLASSIFIED	UNCLASSIFIED	UNCLASSIFIED	UNCLASSIFIED		
pl-ok	function(lazy)	tap		UNCLASSIFIED	UNCLASSIFIED	UNCLASSIFIED	UNCLASSIFIED	UNCLASSIFIED	UNCLASSIFIED	UNCLASSIFIED		
pl-pass	function(lazy)	tap		UNCLASSIFIED	UNCLASSIFIED	UNCLASSIFIED	UNCLASSIFIED	UNCLASSIFIED	UNCLASSIFIED	UNCLASSIFIED		
pl-plan	function(lazy)	tap		UNCLASSIFIED	UNCLASSIFIED	UNCLASSIFIED	UNCLASSIFIED	UNCLASSIFIED	UNCLASSIFIED	UNCLASSIFIED		
pl-require_ok	function(lazy)	tap		UNCLASSIFIED	UNCLASSIFIED	UNCLASSIFIED	UNCLASSIFIED	UNCLASSIFIED	UNCLASSIFIED	UNCLASSIFIED		
pl-skip	function(lazy)	tap		UNCLASSIFIED	UNCLASSIFIED	UNCLASSIFIED	UNCLASSIFIED	UNCLASSIFIED	UNCLASSIFIED	UNCLASSIFIED		
pl-skip_all	function(lazy)	tap		UNCLASSIFIED	UNCLASSIFIED	UNCLASSIFIED	UNCLASSIFIED	UNCLASSIFIED	UNCLASSIFIED	UNCLASSIFIED		
pl-unicode_to_native	function	tap	(&optional cp)	UNCLASSIFIED	UNCLASSIFIED	UNCLASSIFIED	UNCLASSIFIED	UNCLASSIFIED	UNCLASSIFIED	UNCLASSIFIED		
pl-unlike	function(lazy)	tap		UNCLASSIFIED	UNCLASSIFIED	UNCLASSIFIED	UNCLASSIFIED	UNCLASSIFIED	UNCLASSIFIED	UNCLASSIFIED		
pl-use_ok	function(lazy)	tap		UNCLASSIFIED	UNCLASSIFIED	UNCLASSIFIED	UNCLASSIFIED	UNCLASSIFIED	UNCLASSIFIED	UNCLASSIFIED		
pl-_diag	function(lazy)	tap		UNCLASSIFIED	UNCLASSIFIED	UNCLASSIFIED	UNCLASSIFIED	UNCLASSIFIED	UNCLASSIFIED	UNCLASSIFIED		
to-number	function	box	(val)	UNCLASSIFIED	UNCLASSIFIED	UNCLASSIFIED	UNCLASSIFIED	UNCLASSIFIED	UNCLASSIFIED	UNCLASSIFIED		Convert value to number (Perl semantics). Inline numberp fast path; lazy caching for boxed values.
to-string	function	box	(val)	UNCLASSIFIED	UNCLASSIFIED	UNCLASSIFIED	UNCLASSIFIED	UNCLASSIFIED	UNCLASSIFIED	UNCLASSIFIED		Convert value to string (Perl semantics). Inline stringp fast path; lazy caching for boxed values.
unbox	function	box	(val)	UNCLASSIFIED	UNCLASSIFIED	UNCLASSIFIED	UNCLASSIFIED	UNCLASSIFIED	UNCLASSIFIED	UNCLASSIFIED		Extract value from a box, or return val if not boxed. If the box contains a p-tie-proxy, dispatches to FETCH. If the box contains a p-magic-cell, dispatches to 
_	variable	filetest		UNCLASSIFIED	UNCLASSIFIED	UNCLASSIFIED	UNCLASSIFIED	UNCLASSIFIED	UNCLASSIFIED	UNCLASSIFIED		Perl's stat-cache filehandle `_`. Its value is a marker: a filetest or stat receiving it re-uses the previous operand instead of its own.
p--A	macro	filetest	(arg)	UNCLASSIFIED	UNCLASSIFIED	UNCLASSIFIED	UNCLASSIFIED	UNCLASSIFIED	UNCLASSIFIED	UNCLASSIFIED		Perl p--a — a bareword filehandle in the operand slot is a NAME, not a variable (#1032). Body: %p--a-impl.
p--B	macro	filetest	(arg)	UNCLASSIFIED	UNCLASSIFIED	UNCLASSIFIED	UNCLASSIFIED	UNCLASSIFIED	UNCLASSIFIED	UNCLASSIFIED		Perl p--b — a bareword filehandle in the operand slot is a NAME, not a variable (#1032). Body: %p--b-impl.
p--C	macro	filetest	(arg)	UNCLASSIFIED	UNCLASSIFIED	UNCLASSIFIED	UNCLASSIFIED	UNCLASSIFIED	UNCLASSIFIED	UNCLASSIFIED		Perl p--c — a bareword filehandle in the operand slot is a NAME, not a variable (#1032). Body: %p--c-impl.
p--M	macro	filetest	(arg)	UNCLASSIFIED	UNCLASSIFIED	UNCLASSIFIED	UNCLASSIFIED	UNCLASSIFIED	UNCLASSIFIED	UNCLASSIFIED		Perl p--m — a bareword filehandle in the operand slot is a NAME, not a variable (#1032). Body: %p--m-impl.
p--O	macro	filetest	(arg)	UNCLASSIFIED	UNCLASSIFIED	UNCLASSIFIED	UNCLASSIFIED	UNCLASSIFIED	UNCLASSIFIED	UNCLASSIFIED		Perl p--o — a bareword filehandle in the operand slot is a NAME, not a variable (#1032). Body: %p--o-impl.
p--R	macro	filetest	(arg)	UNCLASSIFIED	UNCLASSIFIED	UNCLASSIFIED	UNCLASSIFIED	UNCLASSIFIED	UNCLASSIFIED	UNCLASSIFIED		Perl p--r — a bareword filehandle in the operand slot is a NAME, not a variable (#1032). Body: %p--r-impl.
p--S	macro	filetest	(arg)	UNCLASSIFIED	UNCLASSIFIED	UNCLASSIFIED	UNCLASSIFIED	UNCLASSIFIED	UNCLASSIFIED	UNCLASSIFIED		Perl p--s — a bareword filehandle in the operand slot is a NAME, not a variable (#1032). Body: %p--s-impl.
p--T	macro	filetest	(arg)	UNCLASSIFIED	UNCLASSIFIED	UNCLASSIFIED	UNCLASSIFIED	UNCLASSIFIED	UNCLASSIFIED	UNCLASSIFIED		Perl p--t — a bareword filehandle in the operand slot is a NAME, not a variable (#1032). Body: %p--t-impl.
p--W	macro	filetest	(arg)	UNCLASSIFIED	UNCLASSIFIED	UNCLASSIFIED	UNCLASSIFIED	UNCLASSIFIED	UNCLASSIFIED	UNCLASSIFIED		Perl p--w — a bareword filehandle in the operand slot is a NAME, not a variable (#1032). Body: %p--w-impl.
p--X	macro	filetest	(arg)	UNCLASSIFIED	UNCLASSIFIED	UNCLASSIFIED	UNCLASSIFIED	UNCLASSIFIED	UNCLASSIFIED	UNCLASSIFIED		Perl p--x — a bareword filehandle in the operand slot is a NAME, not a variable (#1032). Body: %p--x-impl.
p-BEGIN	macro	phase	(&body body)	UNCLASSIFIED	UNCLASSIFIED	UNCLASSIFIED	UNCLASSIFIED	UNCLASSIFIED	UNCLASSIFIED	UNCLASSIFIED		
p-CHECK	macro	phase	(&body body)	UNCLASSIFIED	UNCLASSIFIED	UNCLASSIFIED	UNCLASSIFIED	UNCLASSIFIED	UNCLASSIFIED	UNCLASSIFIED		
pl-BAIL_OUT	function(lazy)	tap		UNCLASSIFIED	UNCLASSIFIED	UNCLASSIFIED	UNCLASSIFIED	UNCLASSIFIED	UNCLASSIFIED	UNCLASSIFIED		
pl-__SUB__	function	introspection	nil	UNCLASSIFIED	UNCLASSIFIED	UNCLASSIFIED	UNCLASSIFIED	UNCLASSIFIED	UNCLASSIFIED	UNCLASSIFIED		
